tag_ident,gender,date,season,day-month,distance
1292,f,5/22/2014,Spring,22-May,747.9515972
1292,f,5/23/2014,Spring,23-May,3906.701952
1292,f,5/24/2014,Spring,24-May,4696.490797
1292,f,5/25/2014,Spring,25-May,2450.894188
1750,f,5/15/2011,Spring,15-May,440.4374991
1750,f,5/16/2011,Spring,16-May,748.8151422
1750,f,5/17/2011,Spring,17-May,1124.193492
1750,f,5/18/2011,Spring,18-May,1109.867008
1750,f,5/19/2011,Spring,19-May,935.9460754
1750,f,5/20/2011,Spring,20-May,1087.110905
1750,f,5/21/2011,Spring,21-May,1530.078853
1750,f,5/22/2011,Spring,22-May,1476.107266
1750,f,5/23/2011,Spring,23-May,1592.083221
1750,f,5/24/2011,Spring,24-May,2179.770136
1750,f,5/25/2011,Spring,25-May,2115.282092
1750,f,5/26/2011,Spring,26-May,4499.677182
1750,f,5/27/2011,Spring,27-May,1170.45438
1750,f,5/28/2011,Spring,28-May,1988.543313
1750,f,5/29/2011,Spring,29-May,6099.980766
1750,f,5/30/2011,Spring,30-May,3942.379004
1750,f,5/31/2011,Spring,31-May,3488.315633
1750,f,6/1/2011,Spring,1-Jun,1401.369453
1750,f,6/2/2011,Spring,2-Jun,4616.346235
1750,f,6/3/2011,Spring,3-Jun,3436.400861
1750,f,6/4/2011,Spring,4-Jun,2853.68072
1750,f,6/5/2011,Spring,5-Jun,6710.128213
1750,f,6/6/2011,Spring,6-Jun,2495.019595
1750,f,6/7/2011,Spring,7-Jun,2985.764785
1750,f,6/8/2011,Spring,8-Jun,10088.38933
1750,f,6/9/2011,Spring,9-Jun,5048.767405
1750,f,6/10/2011,Spring,10-Jun,6903.129136
1750,f,6/11/2011,Spring,11-Jun,3795.210492
1750,f,6/12/2011,Spring,12-Jun,2534.202657
1750,f,6/13/2011,Spring,13-Jun,1401.259528
1750,f,6/14/2011,Spring,14-Jun,6916.496345
1750,f,6/15/2011,Spring,15-Jun,11373.59292
1750,f,6/16/2011,Spring,16-Jun,2825.117701
1750,f,6/17/2011,Spring,17-Jun,1279.235656
1751,m,6/3/2011,Spring,3-Jun,387.8972963
1751,m,6/4/2011,Spring,4-Jun,1218.796733
1751,m,6/5/2011,Spring,5-Jun,726.4120988
1751,m,6/6/2011,Spring,6-Jun,955.7733839
1751,m,6/7/2011,Spring,7-Jun,1710.549234
1751,m,6/8/2011,Spring,8-Jun,3700.386328
1751,m,6/9/2011,Spring,9-Jun,2753.062413
1751,m,6/10/2011,Spring,10-Jun,1901.563127
1751,m,6/11/2011,Spring,11-Jun,2500.532627
1751,m,6/12/2011,Spring,12-Jun,4728.19811
1751,m,6/13/2011,Spring,13-Jun,3742.477971
1751,m,6/14/2011,Spring,14-Jun,1385.144962
1751,m,6/15/2011,Spring,15-Jun,3796.512195
1751,m,6/16/2011,Spring,16-Jun,1817.999923
1751,m,6/17/2011,Spring,17-Jun,3174.259369
1751,m,6/18/2011,Spring,18-Jun,2021.682228
1751,m,6/19/2011,Spring,19-Jun,2906.773515
1751,m,6/20/2011,Spring,20-Jun,1912.329521
1751,m,6/21/2011,Spring,21-Jun,1055.900788
1751,m,6/22/2011,Summer,22-Jun,869.9305232
1751,m,6/23/2011,Summer,23-Jun,1227.92174
1751,m,6/24/2011,Summer,24-Jun,2405.745076
1751,m,6/25/2011,Summer,25-Jun,1954.187994
1751,m,6/26/2011,Summer,26-Jun,1167.047294
1751,m,6/27/2011,Summer,27-Jun,648.6369002
1751,m,6/28/2011,Summer,28-Jun,520.8556949
1751,m,6/29/2011,Summer,29-Jun,1287.138001
1751,m,6/30/2011,Summer,30-Jun,2085.280576
1751,m,7/1/2011,Summer,1-Jul,3167.446446
1751,m,7/2/2011,Summer,2-Jul,1094.616407
1751,m,7/3/2011,Summer,3-Jul,2303.606223
1751,m,7/4/2011,Summer,4-Jul,1005.054827
1753,f,5/19/2012,Spring,19-May,592.9632097
1753,f,5/20/2012,Spring,20-May,4637.892555
1753,f,5/21/2012,Spring,21-May,5373.184923
1753,f,5/22/2012,Spring,22-May,8852.568409
1753,f,5/23/2012,Spring,23-May,3449.204385
1753,f,5/24/2012,Spring,24-May,3212.969626
1753,f,5/25/2012,Spring,25-May,9629.846629
1753,f,5/26/2012,Spring,26-May,9984.232073
1753,f,5/27/2012,Spring,27-May,2418.625746
1753,f,5/28/2012,Spring,28-May,5474.654248
1753,f,5/29/2012,Spring,29-May,7792.368203
1753,f,5/30/2012,Spring,30-May,1371.59436
1753,f,5/31/2012,Spring,31-May,2641.93158
1753,f,6/1/2012,Spring,1-Jun,3710.106934
1753,f,6/2/2012,Spring,2-Jun,4079.185849
1753,f,6/3/2012,Spring,3-Jun,3365.506403
1753,f,6/4/2012,Spring,4-Jun,9425.575643
1753,f,6/5/2012,Spring,5-Jun,9258.128149
1753,f,6/6/2012,Spring,6-Jun,9023.288292
1753,f,6/7/2012,Spring,7-Jun,1522.150594
1753,f,6/8/2012,Spring,8-Jun,8593.94851
1753,f,6/9/2012,Spring,9-Jun,10619.73443
1753,f,6/10/2012,Spring,10-Jun,5951.366675
1753,f,6/11/2012,Spring,11-Jun,1743.048673
1753,f,6/12/2012,Spring,12-Jun,12298.23514
1753,f,6/13/2012,Spring,13-Jun,11583.71602
1753,f,6/14/2012,Spring,14-Jun,12739.01497
1753,f,6/15/2012,Spring,15-Jun,2317.384375
1753,f,6/16/2012,Spring,16-Jun,11292.53865
1753,f,6/17/2012,Spring,17-Jun,8660.7537
1753,f,6/18/2012,Spring,18-Jun,7040.614113
1753,f,6/19/2012,Spring,19-Jun,8393.85636
1753,f,6/20/2012,Spring,20-Jun,7248.773963
1753,f,6/21/2012,Spring,21-Jun,7596.700186
1753,f,6/22/2012,Summer,22-Jun,7714.707287
1753,f,6/23/2012,Summer,23-Jun,9532.385909
1753,f,6/24/2012,Summer,24-Jun,5352.789674
1753,f,6/25/2012,Summer,25-Jun,4775.688687
1753,f,6/26/2012,Summer,26-Jun,6528.128034
1753,f,6/27/2012,Summer,27-Jun,4560.28562
1753,f,6/28/2012,Summer,28-Jun,8326.574544
1753,f,6/29/2012,Summer,29-Jun,4357.838053
1753,f,6/30/2012,Summer,30-Jun,11452.50805
1753,f,7/1/2012,Summer,1-Jul,6440.055203
1753,f,7/2/2012,Summer,2-Jul,4770.338489
1753,f,7/3/2012,Summer,3-Jul,8495.99062
1753,f,7/4/2012,Summer,4-Jul,8260.931349
1753,f,7/5/2012,Summer,5-Jul,3277.449189
1753,f,7/6/2012,Summer,6-Jul,9708.86361
1753,f,7/7/2012,Summer,7-Jul,5958.847333
1753,f,7/8/2012,Summer,8-Jul,12151.17943
1753,f,7/9/2012,Summer,9-Jul,8040.421459
1753,f,7/10/2012,Summer,10-Jul,8790.523644
1753,f,7/11/2012,Summer,11-Jul,6857.694771
1753,f,7/12/2012,Summer,12-Jul,5354.240628
1753,f,7/13/2012,Summer,13-Jul,4113.095102
1753,f,7/14/2012,Summer,14-Jul,3553.27882
1753,f,7/15/2012,Summer,15-Jul,11650.0671
1753,f,7/16/2012,Summer,16-Jul,1588.577083
1753,f,7/17/2012,Summer,17-Jul,8032.543601
1753,f,7/18/2012,Summer,18-Jul,11924.15325
1753,f,7/19/2012,Summer,19-Jul,7784.331059
1753,f,7/20/2012,Summer,20-Jul,11510.93708
1753,f,7/21/2012,Summer,21-Jul,7363.070387
1753,f,7/22/2012,Summer,22-Jul,7621.650755
1753,f,7/23/2012,Summer,23-Jul,2513.474193
1753,f,7/24/2012,Summer,24-Jul,5686.810736
1753,f,7/25/2012,Summer,25-Jul,6149.234823
1753,f,7/26/2012,Summer,26-Jul,6501.165819
1753,f,7/27/2012,Summer,27-Jul,3084.56453
1753,f,7/28/2012,Summer,28-Jul,4768.24356
1753,f,7/29/2012,Summer,29-Jul,10083.18481
1753,f,7/30/2012,Summer,30-Jul,3245.159723
1753,f,7/31/2012,Summer,31-Jul,7379.923414
1753,f,8/1/2012,Summer,1-Aug,4662.970563
1753,f,8/2/2012,Summer,2-Aug,5463.264244
1753,f,8/3/2012,Summer,3-Aug,5452.197924
1753,f,8/4/2012,Summer,4-Aug,10350.92314
1753,f,8/5/2012,Summer,5-Aug,2568.552584
1753,f,8/6/2012,Summer,6-Aug,3515.065239
1753,f,8/7/2012,Summer,7-Aug,3302.607201
1753,f,8/8/2012,Summer,8-Aug,4567.477982
1753,f,8/9/2012,Summer,9-Aug,4059.187802
1753,f,8/10/2012,Summer,10-Aug,4151.852361
1753,f,8/11/2012,Summer,11-Aug,4667.279202
1753,f,8/12/2012,Summer,12-Aug,3389.042557
1753,f,8/13/2012,Summer,13-Aug,8059.574205
1753,f,8/14/2012,Summer,14-Aug,3256.159328
1753,f,8/15/2012,Summer,15-Aug,3711.399145
1753,f,8/16/2012,Summer,16-Aug,3926.68539
1753,f,8/17/2012,Summer,17-Aug,3195.064444
1753,f,8/18/2012,Summer,18-Aug,3042.253258
1753,f,8/19/2012,Summer,19-Aug,4402.644357
1753,f,8/20/2012,Summer,20-Aug,2690.086251
1753,f,8/21/2012,Summer,21-Aug,3459.639777
1753,f,8/22/2012,Summer,22-Aug,4296.542081
1753,f,8/23/2012,Summer,23-Aug,3748.615818
1753,f,8/24/2012,Summer,24-Aug,2231.674686
1753,f,8/25/2012,Summer,25-Aug,6518.296436
1753,f,8/26/2012,Summer,26-Aug,4283.069853
1753,f,8/27/2012,Summer,27-Aug,4190.173327
1753,f,8/28/2012,Summer,28-Aug,841.0979859
1753,f,8/29/2012,Summer,29-Aug,4582.009376
1753,f,8/30/2012,Summer,30-Aug,1848.627699
1753,f,8/31/2012,Summer,31-Aug,1892.539631
1753,f,9/1/2012,Summer,1-Sep,3974.26236
1753,f,9/2/2012,Summer,2-Sep,1953.915102
1753,f,9/3/2012,Summer,3-Sep,766.3332717
1753,f,9/4/2012,Summer,4-Sep,2942.5933
1753,f,9/5/2012,Summer,5-Sep,4822.285389
1753,f,9/6/2012,Summer,6-Sep,5535.052986
1753,f,9/7/2012,Summer,7-Sep,3004.113904
1753,f,9/8/2012,Summer,8-Sep,6795.740081
1753,f,9/9/2012,Summer,9-Sep,2117.299737
1753,f,9/10/2012,Summer,10-Sep,1152.597878
1753,f,9/11/2012,Summer,11-Sep,1534.463401
1753,f,9/12/2012,Summer,12-Sep,5199.172892
1753,f,9/13/2012,Summer,13-Sep,5115.405604
1753,f,9/14/2012,Summer,14-Sep,2784.565614
1753,f,9/15/2012,Summer,15-Sep,2710.777459
1753,f,9/16/2012,Summer,16-Sep,4831.329172
1753,f,9/17/2012,Summer,17-Sep,2604.556903
1753,f,9/18/2012,Summer,18-Sep,4804.64765
1753,f,9/19/2012,Summer,19-Sep,2086.385342
1753,f,9/20/2012,Summer,20-Sep,4976.051397
1753,f,9/21/2012,Autumn,21-Sep,4513.901557
1753,f,9/22/2012,Autumn,22-Sep,9152.910509
1753,f,9/23/2012,Autumn,23-Sep,4111.710717
1753,f,9/24/2012,Autumn,24-Sep,2380.85907
1753,f,9/25/2012,Autumn,25-Sep,3251.67423
1753,f,9/26/2012,Autumn,26-Sep,7850.51134
1753,f,9/27/2012,Autumn,27-Sep,3850.181106
1753,f,9/28/2012,Autumn,28-Sep,4815.724676
1753,f,9/29/2012,Autumn,29-Sep,8692.034776
1753,f,9/30/2012,Autumn,30-Sep,3854.394806
1753,f,10/1/2012,Autumn,1-Oct,8173.948456
1753,f,10/2/2012,Autumn,2-Oct,6555.345086
1753,f,10/3/2012,Autumn,3-Oct,1725.325052
1753,f,10/4/2012,Autumn,4-Oct,1131.662296
1753,f,10/5/2012,Autumn,5-Oct,1764.450997
1753,f,10/6/2012,Autumn,6-Oct,4963.280675
1753,f,10/7/2012,Autumn,7-Oct,4258.952769
1753,f,10/8/2012,Autumn,8-Oct,4721.07368
1753,f,10/9/2012,Autumn,9-Oct,4772.002865
1753,f,10/10/2012,Autumn,10-Oct,2738.477158
1753,f,10/11/2012,Autumn,11-Oct,2961.916699
1753,f,10/12/2012,Autumn,12-Oct,8352.705918
1753,f,10/13/2012,Autumn,13-Oct,1924.882737
1753,f,10/14/2012,Autumn,14-Oct,4566.808783
1753,f,10/15/2012,Autumn,15-Oct,2379.027625
1753,f,10/16/2012,Autumn,16-Oct,6306.353237
1753,f,10/17/2012,Autumn,17-Oct,6619.406482
1753,f,10/18/2012,Autumn,18-Oct,2642.272298
1753,f,10/19/2012,Autumn,19-Oct,2898.383676
1753,f,10/20/2012,Autumn,20-Oct,2456.3134
1753,f,10/21/2012,Autumn,21-Oct,1970.18914
1753,f,10/22/2012,Autumn,22-Oct,5426.680849
1753,f,10/23/2012,Autumn,23-Oct,5151.73723
1753,f,10/24/2012,Autumn,24-Oct,3817.21869
1753,f,10/25/2012,Autumn,25-Oct,2973.616026
1753,f,10/26/2012,Autumn,26-Oct,6375.177297
1753,f,10/27/2012,Autumn,27-Oct,1909.033015
1753,f,10/28/2012,Autumn,28-Oct,9175.498576
1753,f,10/29/2012,Autumn,29-Oct,1331.485966
1753,f,10/30/2012,Autumn,30-Oct,4723.788215
1753,f,10/31/2012,Autumn,31-Oct,3324.712559
1753,f,11/1/2012,Autumn,1-Nov,2263.823782
1753,f,11/2/2012,Autumn,2-Nov,1145.550077
1753,f,11/3/2012,Autumn,3-Nov,6120.595124
1753,f,11/4/2012,Autumn,4-Nov,5417.718915
1753,f,11/5/2012,Autumn,5-Nov,7046.910445
1753,f,11/6/2012,Autumn,6-Nov,1789.736278
1753,f,11/7/2012,Autumn,7-Nov,2480.243553
1753,f,11/8/2012,Autumn,8-Nov,627.4040683
1753,f,11/9/2012,Autumn,9-Nov,5043.620476
1753,f,11/10/2012,Autumn,10-Nov,1101.061292
1753,f,11/11/2012,Autumn,11-Nov,2844.750902
1753,f,11/12/2012,Autumn,12-Nov,1784.756515
1753,f,11/13/2012,Autumn,13-Nov,723.9573761
1753,f,11/14/2012,Autumn,14-Nov,1918.098274
1753,f,11/15/2012,Autumn,15-Nov,2422.933473
1753,f,11/16/2012,Autumn,16-Nov,1918.994067
1753,f,11/17/2012,Autumn,17-Nov,2345.584096
1753,f,11/18/2012,Autumn,18-Nov,635.8497762
1753,f,11/19/2012,Autumn,19-Nov,2449.199322
1753,f,11/20/2012,Autumn,20-Nov,7600.899224
1753,f,11/21/2012,Autumn,21-Nov,1454.280314
1753,f,11/22/2012,Autumn,22-Nov,2478.287525
1753,f,11/23/2012,Autumn,23-Nov,737.0870783
1753,f,11/24/2012,Autumn,24-Nov,3018.57011
1753,f,11/25/2012,Autumn,25-Nov,1595.423403
1753,f,11/26/2012,Autumn,26-Nov,985.0905047
1753,f,11/27/2012,Autumn,27-Nov,3433.159394
1753,f,11/28/2012,Autumn,28-Nov,5721.954647
1753,f,11/29/2012,Autumn,29-Nov,8023.60453
1753,f,11/30/2012,Autumn,30-Nov,5321.459003
1753,f,12/1/2012,Autumn,1-Dec,2133.790693
1753,f,12/2/2012,Autumn,2-Dec,1159.963632
1753,f,12/3/2012,Autumn,3-Dec,720.0527685
1753,f,12/4/2012,Autumn,4-Dec,4057.327574
1753,f,12/5/2012,Autumn,5-Dec,538.7938269
1753,f,12/6/2012,Autumn,6-Dec,2210.311505
1753,f,12/7/2012,Autumn,7-Dec,967.2625208
1753,f,12/8/2012,Autumn,8-Dec,3303.547289
1753,f,12/9/2012,Autumn,9-Dec,4934.50795
1753,f,12/10/2012,Autumn,10-Dec,3738.57404
1753,f,12/11/2012,Autumn,11-Dec,1976.697418
1753,f,12/12/2012,Autumn,12-Dec,3067.793187
1753,f,12/13/2012,Autumn,13-Dec,1659.460672
1753,f,12/14/2012,Autumn,14-Dec,1873.640162
1753,f,12/15/2012,Autumn,15-Dec,2612.004912
1753,f,12/16/2012,Autumn,16-Dec,994.5256126
1753,f,12/17/2012,Autumn,17-Dec,600.7470576
1753,f,12/18/2012,Autumn,18-Dec,222.3576399
1753,f,12/19/2012,Autumn,19-Dec,2134.864338
1753,f,12/20/2012,Autumn,20-Dec,1124.618553
1753,f,12/21/2012,Autumn,21-Dec,1604.045957
1753,f,12/22/2012,Winter,22-Dec,964.0514093
1753,f,12/23/2012,Winter,23-Dec,411.5128263
1753,f,12/24/2012,Winter,24-Dec,3684.811661
1753,f,12/25/2012,Winter,25-Dec,403.1260907
1753,f,12/26/2012,Winter,26-Dec,871.8336204
1753,f,12/27/2012,Winter,27-Dec,4102.984975
1753,f,12/28/2012,Winter,28-Dec,4329.723474
1753,f,12/29/2012,Winter,29-Dec,3861.905486
1753,f,12/30/2012,Winter,30-Dec,1938.948032
1753,f,12/31/2012,Winter,31-Dec,651.37343
1753,f,1/1/2013,Winter,1-Jan,2424.592115
1753,f,1/2/2013,Winter,2-Jan,5214.033567
1753,f,1/3/2013,Winter,3-Jan,437.0192918
1753,f,1/4/2013,Winter,4-Jan,1178.590163
1753,f,1/5/2013,Winter,5-Jan,1946.125946
1753,f,1/6/2013,Winter,6-Jan,1245.762139
1753,f,1/7/2013,Winter,7-Jan,3231.299071
1753,f,1/8/2013,Winter,8-Jan,1171.161476
1753,f,1/9/2013,Winter,9-Jan,2562.142526
1753,f,1/10/2013,Winter,10-Jan,867.6438284
1753,f,1/11/2013,Winter,11-Jan,512.6311736
1753,f,1/12/2013,Winter,12-Jan,3067.34882
1753,f,1/13/2013,Winter,13-Jan,2894.481727
1753,f,1/14/2013,Winter,14-Jan,5150.355121
1753,f,1/15/2013,Winter,15-Jan,2806.209512
1753,f,1/16/2013,Winter,16-Jan,2796.849045
1753,f,1/17/2013,Winter,17-Jan,1123.968288
1753,f,1/18/2013,Winter,18-Jan,1124.87527
1753,f,1/19/2013,Winter,19-Jan,6277.004748
1753,f,1/20/2013,Winter,20-Jan,4891.317896
1753,f,1/21/2013,Winter,21-Jan,2405.038564
1753,f,1/22/2013,Winter,22-Jan,5733.271673
1753,f,1/23/2013,Winter,23-Jan,3482.761834
1753,f,1/24/2013,Winter,24-Jan,1755.643879
1753,f,1/25/2013,Winter,25-Jan,6265.47423
1753,f,1/26/2013,Winter,26-Jan,3449.472423
1753,f,1/27/2013,Winter,27-Jan,3479.769097
1753,f,1/28/2013,Winter,28-Jan,4328.03103
1753,f,1/29/2013,Winter,29-Jan,2888.857222
1753,f,1/30/2013,Winter,30-Jan,7496.610557
1753,f,2/1/2013,Winter,1-Feb,763.3588444
1753,f,2/2/2013,Winter,2-Feb,4507.405356
1753,f,2/3/2013,Winter,3-Feb,429.0322761
1753,f,2/4/2013,Winter,4-Feb,6684.589497
1753,f,2/5/2013,Winter,5-Feb,2126.981804
1753,f,2/6/2013,Winter,6-Feb,2162.526237
1753,f,2/7/2013,Winter,7-Feb,1807.190255
1753,f,2/8/2013,Winter,8-Feb,3255.093777
1753,f,2/9/2013,Winter,9-Feb,4766.063488
1753,f,2/10/2013,Winter,10-Feb,3659.831591
1753,f,2/11/2013,Winter,11-Feb,778.9916683
1753,f,2/12/2013,Winter,12-Feb,2455.55734
1753,f,2/13/2013,Winter,13-Feb,1835.244613
1753,f,2/14/2013,Winter,14-Feb,2134.307091
1753,f,2/15/2013,Winter,15-Feb,706.7867915
1753,f,2/16/2013,Winter,16-Feb,1176.910748
1753,f,2/17/2013,Winter,17-Feb,6619.975293
1753,f,2/18/2013,Winter,18-Feb,3599.113073
1753,f,2/19/2013,Winter,19-Feb,758.0696027
1753,f,2/20/2013,Winter,20-Feb,4853.44331
1753,f,2/21/2013,Winter,21-Feb,1383.690881
1753,f,2/22/2013,Winter,22-Feb,2946.281952
1753,f,2/23/2013,Winter,23-Feb,5884.007686
1753,f,2/24/2013,Winter,24-Feb,2302.808138
1753,f,2/25/2013,Winter,25-Feb,3195.435368
1753,f,2/26/2013,Winter,26-Feb,3209.954399
1753,f,2/27/2013,Winter,27-Feb,3348.037077
1753,f,2/28/2013,Winter,28-Feb,4375.770264
1753,f,3/1/2013,Winter,1-Mar,3060.969477
1753,f,3/2/2013,Winter,2-Mar,1476.935244
1753,f,3/3/2013,Winter,3-Mar,4630.669972
1753,f,3/4/2013,Winter,4-Mar,4648.804998
1753,f,3/5/2013,Winter,5-Mar,824.4683716
1753,f,3/6/2013,Winter,6-Mar,1306.377207
1753,f,3/7/2013,Winter,7-Mar,575.7167088
1753,f,3/8/2013,Winter,8-Mar,1672.544732
1753,f,3/9/2013,Winter,9-Mar,3006.027343
1753,f,3/10/2013,Winter,10-Mar,785.183346
1753,f,3/11/2013,Winter,11-Mar,1015.865045
1753,f,3/12/2013,Winter,12-Mar,604.5386704
1753,f,3/13/2013,Winter,13-Mar,724.9276596
1753,f,3/14/2013,Winter,14-Mar,442.4801465
1753,f,3/15/2013,Winter,15-Mar,904.4885657
1753,f,3/16/2013,Winter,16-Mar,718.1005058
1753,f,3/17/2013,Winter,17-Mar,960.8477317
1753,f,3/18/2013,Winter,18-Mar,429.2316934
1753,f,3/19/2013,Winter,19-Mar,178.5674293
1753,f,3/20/2013,Winter,20-Mar,211.4349052
1753,f,3/21/2013,Spring,21-Mar,40.71190981
1753,f,3/25/2013,Spring,25-Mar,3.417263956
1753,f,3/31/2013,Spring,31-Mar,107.0292313
1753,f,4/1/2013,Spring,1-Apr,316.3827962
1753,f,4/2/2013,Spring,2-Apr,171.8288562
1753,f,4/5/2013,Spring,5-Apr,159.5175456
1753,f,4/6/2013,Spring,6-Apr,114.6276915
1753,f,4/7/2013,Spring,7-Apr,134.1137289
1753,f,4/12/2013,Spring,12-Apr,125.6703581
1753,f,4/14/2013,Spring,14-Apr,199.3792707
1753,f,4/15/2013,Spring,15-Apr,180.9438553
1753,f,4/16/2013,Spring,16-Apr,170.534024
1753,f,4/22/2013,Spring,22-Apr,613.9851033
1753,f,4/24/2013,Spring,24-Apr,46.58408499
1753,f,4/25/2013,Spring,25-Apr,317.1044564
1753,f,4/26/2013,Spring,26-Apr,139.3537893
1753,f,4/27/2013,Spring,27-Apr,508.8463203
1753,f,4/28/2013,Spring,28-Apr,713.1703451
1753,f,4/29/2013,Spring,29-Apr,522.057878
1753,f,4/30/2013,Spring,30-Apr,425.3959875
1753,f,5/1/2013,Spring,1-May,1049.32766
1753,f,5/2/2013,Spring,2-May,338.7160788
1753,f,5/3/2013,Spring,3-May,1601.499465
1753,f,5/4/2013,Spring,4-May,1913.768741
1753,f,5/5/2013,Spring,5-May,1924.060076
1753,f,5/6/2013,Spring,6-May,1020.428612
1753,f,5/7/2013,Spring,7-May,466.5530582
1753,f,5/8/2013,Spring,8-May,1457.24881
1753,f,5/9/2013,Spring,9-May,2050.809555
1754,NULL,9/2/2012,Summer,2-Sep,361.0281398
1754,NULL,9/3/2012,Summer,3-Sep,358.7628047
1754,NULL,9/4/2012,Summer,4-Sep,478.3878458
1754,NULL,9/5/2012,Summer,5-Sep,1188.978789
1754,NULL,9/6/2012,Summer,6-Sep,1341.012726
1754,NULL,9/7/2012,Summer,7-Sep,1175.430555
1754,NULL,9/8/2012,Summer,8-Sep,923.4799277
1754,NULL,9/9/2012,Summer,9-Sep,1415.339944
1754,NULL,9/10/2012,Summer,10-Sep,453.6240997
1754,NULL,9/11/2012,Summer,11-Sep,216.6247734
1754,NULL,9/12/2012,Summer,12-Sep,1747.425282
1754,NULL,9/13/2012,Summer,13-Sep,1666.308784
1754,NULL,9/14/2012,Summer,14-Sep,3015.639789
1754,NULL,9/15/2012,Summer,15-Sep,6282.615715
1754,NULL,9/16/2012,Summer,16-Sep,2015.807963
1754,NULL,9/17/2012,Summer,17-Sep,792.2806128
1754,NULL,9/18/2012,Summer,18-Sep,454.3662665
1754,NULL,9/19/2012,Summer,19-Sep,512.4257163
1754,NULL,9/20/2012,Summer,20-Sep,332.9377074
3892,f,6/27/2014,Summer,27-Jun,7820.736445
3892,f,6/28/2014,Summer,28-Jun,5083.311862
3892,f,6/29/2014,Summer,29-Jun,4873.171731
3892,f,6/30/2014,Summer,30-Jun,5580.797699
3892,f,7/1/2014,Summer,1-Jul,5261.050557
3892,f,7/2/2014,Summer,2-Jul,9619.541747
3892,f,7/3/2014,Summer,3-Jul,6766.045044
3892,f,7/4/2014,Summer,4-Jul,7559.485144
3892,f,7/5/2014,Summer,5-Jul,6842.883295
3892,f,7/6/2014,Summer,6-Jul,7397.494292
3892,f,7/7/2014,Summer,7-Jul,6245.190535
3892,f,7/8/2014,Summer,8-Jul,9367.789264
3892,f,7/9/2014,Summer,9-Jul,6752.707126
3892,f,7/10/2014,Summer,10-Jul,11615.42932
3892,f,7/11/2014,Summer,11-Jul,8742.399977
3892,f,7/12/2014,Summer,12-Jul,9544.914391
3892,f,7/13/2014,Summer,13-Jul,7645.149967
3892,f,7/14/2014,Summer,14-Jul,5966.733448
3892,f,7/15/2014,Summer,15-Jul,6941.820634
3892,f,7/16/2014,Summer,16-Jul,6843.210759
3892,f,7/17/2014,Summer,17-Jul,8816.362012
3892,f,7/18/2014,Summer,18-Jul,5820.063414
3892,f,7/19/2014,Summer,19-Jul,7343.829546
3892,f,7/20/2014,Summer,20-Jul,10492.98971
3892,f,7/21/2014,Summer,21-Jul,5262.821741
3892,f,7/22/2014,Summer,22-Jul,7686.327121
3892,f,7/23/2014,Summer,23-Jul,7127.463123
3892,f,7/24/2014,Summer,24-Jul,7485.715232
3892,f,7/25/2014,Summer,25-Jul,6160.199471
3892,f,7/26/2014,Summer,26-Jul,10138.26095
3892,f,7/27/2014,Summer,27-Jul,7534.519956
3892,f,7/28/2014,Summer,28-Jul,7596.81578
3892,f,7/29/2014,Summer,29-Jul,6257.006652
3892,f,7/30/2014,Summer,30-Jul,9549.066097
3892,f,7/31/2014,Summer,31-Jul,5709.25178
3892,f,8/1/2014,Summer,1-Aug,6428.932688
3892,f,8/2/2014,Summer,2-Aug,9085.812295
3892,f,8/3/2014,Summer,3-Aug,7412.075256
3892,f,8/4/2014,Summer,4-Aug,6197.603917
3892,f,8/5/2014,Summer,5-Aug,7121.80525
3892,f,8/6/2014,Summer,6-Aug,8663.388414
3892,f,8/7/2014,Summer,7-Aug,7460.715196
3892,f,8/8/2014,Summer,8-Aug,5827.887941
3892,f,8/9/2014,Summer,9-Aug,6424.806588
3892,f,8/10/2014,Summer,10-Aug,7838.512721
3892,f,8/11/2014,Summer,11-Aug,5995.220336
3892,f,8/12/2014,Summer,12-Aug,5706.833222
3892,f,8/13/2014,Summer,13-Aug,4517.843414
3892,f,8/14/2014,Summer,14-Aug,8443.179668
3892,f,8/15/2014,Summer,15-Aug,9846.250608
3892,f,8/16/2014,Summer,16-Aug,7175.036769
3892,f,8/17/2014,Summer,17-Aug,6917.403341
3892,f,8/18/2014,Summer,18-Aug,4439.83857
3892,f,8/19/2014,Summer,19-Aug,5093.07644
3892,f,8/20/2014,Summer,20-Aug,6344.029582
3892,f,8/21/2014,Summer,21-Aug,5561.019771
3892,f,8/22/2014,Summer,22-Aug,2532.847839
3892,f,8/23/2014,Summer,23-Aug,8068.773047
3892,f,8/24/2014,Summer,24-Aug,7905.537522
3892,f,8/25/2014,Summer,25-Aug,3497.294612
3892,f,8/26/2014,Summer,26-Aug,5232.771965
3892,f,8/27/2014,Summer,27-Aug,6160.245138
3892,f,8/28/2014,Summer,28-Aug,4247.519529
3892,f,8/29/2014,Summer,29-Aug,8786.870625
3892,f,8/30/2014,Summer,30-Aug,3996.19886
3892,f,8/31/2014,Summer,31-Aug,5073.558818
3892,f,9/1/2014,Summer,1-Sep,5171.374669
3892,f,9/2/2014,Summer,2-Sep,3480.310743
3892,f,9/3/2014,Summer,3-Sep,7412.11317
3892,f,9/4/2014,Summer,4-Sep,10544.11673
3892,f,9/5/2014,Summer,5-Sep,4667.83903
3892,f,9/6/2014,Summer,6-Sep,8123.148071
3892,f,9/7/2014,Summer,7-Sep,9398.865453
3892,f,9/8/2014,Summer,8-Sep,9270.927083
3892,f,9/9/2014,Summer,9-Sep,8791.017239
3892,f,9/10/2014,Summer,10-Sep,7668.632427
3892,f,9/11/2014,Summer,11-Sep,11847.45527
3892,f,9/12/2014,Summer,12-Sep,6820.704721
3892,f,9/13/2014,Summer,13-Sep,6425.071468
3892,f,9/14/2014,Summer,14-Sep,10586.50796
3892,f,9/15/2014,Summer,15-Sep,8020.907618
3892,f,9/16/2014,Summer,16-Sep,8706.142373
3892,f,9/17/2014,Summer,17-Sep,7454.479946
3892,f,9/18/2014,Summer,18-Sep,8815.671866
3892,f,9/19/2014,Summer,19-Sep,5267.539243
3892,f,9/20/2014,Summer,20-Sep,5288.651782
3892,f,9/21/2014,Autumn,21-Sep,12219.42916
3892,f,9/22/2014,Autumn,22-Sep,11451.97928
3892,f,9/23/2014,Autumn,23-Sep,11198.86494
3892,f,9/24/2014,Autumn,24-Sep,8024.941688
3892,f,9/25/2014,Autumn,25-Sep,6466.659993
3892,f,9/26/2014,Autumn,26-Sep,15066.32467
3892,f,9/27/2014,Autumn,27-Sep,10062.23765
3892,f,9/28/2014,Autumn,28-Sep,6134.58139
3892,f,9/29/2014,Autumn,29-Sep,7790.393636
3892,f,9/30/2014,Autumn,30-Sep,7915.936063
3892,f,10/1/2014,Autumn,1-Oct,6181.816916
3892,f,10/2/2014,Autumn,2-Oct,4338.747863
3893,m,6/25/2014,Summer,25-Jun,487.8523588
3893,m,6/26/2014,Summer,26-Jun,1887.230611
3893,m,6/27/2014,Summer,27-Jun,9825.352321
3893,m,6/28/2014,Summer,28-Jun,6489.885175
3893,m,6/29/2014,Summer,29-Jun,7699.130439
3893,m,6/30/2014,Summer,30-Jun,6062.171189
3893,m,7/1/2014,Summer,1-Jul,13083.47531
3893,m,7/2/2014,Summer,2-Jul,10750.99632
3893,m,7/3/2014,Summer,3-Jul,14457.82867
3893,m,7/4/2014,Summer,4-Jul,8048.407968
3893,m,7/5/2014,Summer,5-Jul,18607.94517
3893,m,7/6/2014,Summer,6-Jul,11122.53009
3893,m,7/7/2014,Summer,7-Jul,14246.11494
3893,m,7/8/2014,Summer,8-Jul,5517.040527
3893,m,7/9/2014,Summer,9-Jul,7758.344552
3893,m,7/10/2014,Summer,10-Jul,15858.97413
3893,m,7/11/2014,Summer,11-Jul,12391.13544
3893,m,7/12/2014,Summer,12-Jul,15710.64848
3893,m,7/13/2014,Summer,13-Jul,16058.0373
3893,m,7/14/2014,Summer,14-Jul,14813.69724
3893,m,7/15/2014,Summer,15-Jul,11204.86499
3893,m,7/16/2014,Summer,16-Jul,15723.80927
3893,m,7/17/2014,Summer,17-Jul,10798.56247
3893,m,7/18/2014,Summer,18-Jul,11392.97915
3893,m,7/19/2014,Summer,19-Jul,9500.572785
3893,m,7/20/2014,Summer,20-Jul,6751.862205
3893,m,7/21/2014,Summer,21-Jul,11185.4568
3893,m,7/22/2014,Summer,22-Jul,17773.64566
3893,m,7/23/2014,Summer,23-Jul,14291.99019
3893,m,7/24/2014,Summer,24-Jul,24916.01492
3893,m,7/25/2014,Summer,25-Jul,12740.45169
3893,m,7/26/2014,Summer,26-Jul,15394.25701
3893,m,7/27/2014,Summer,27-Jul,17596.41592
3893,m,7/28/2014,Summer,28-Jul,8213.45313
3893,m,7/29/2014,Summer,29-Jul,13104.98399
3893,m,7/30/2014,Summer,30-Jul,26468.365
3893,m,7/31/2014,Summer,31-Jul,14580.90654
3893,m,8/1/2014,Summer,1-Aug,7050.162277
3893,m,8/2/2014,Summer,2-Aug,10232.8175
3893,m,8/3/2014,Summer,3-Aug,12980.94738
3893,m,8/4/2014,Summer,4-Aug,11695.17464
3893,m,8/5/2014,Summer,5-Aug,7968.519929
3893,m,8/6/2014,Summer,6-Aug,6631.559113
3893,m,8/7/2014,Summer,7-Aug,7739.931145
3893,m,8/8/2014,Summer,8-Aug,5672.89415
3893,m,8/9/2014,Summer,9-Aug,14785.9136
3893,m,8/10/2014,Summer,10-Aug,13065.60852
3893,m,8/11/2014,Summer,11-Aug,13969.55756
3893,m,8/12/2014,Summer,12-Aug,9208.943125
3893,m,8/13/2014,Summer,13-Aug,6627.452577
3893,m,8/14/2014,Summer,14-Aug,17697.77045
3893,m,8/15/2014,Summer,15-Aug,12539.6919
3893,m,8/16/2014,Summer,16-Aug,8109.584522
3893,m,8/17/2014,Summer,17-Aug,9268.921298
3893,m,8/18/2014,Summer,18-Aug,14117.93044
3893,m,8/19/2014,Summer,19-Aug,4886.027313
3893,m,8/20/2014,Summer,20-Aug,17855.87084
3893,m,8/21/2014,Summer,21-Aug,7335.638666
3893,m,8/22/2014,Summer,22-Aug,10811.96372
3893,m,8/23/2014,Summer,23-Aug,16806.81235
3893,m,8/24/2014,Summer,24-Aug,12061.03722
3893,m,8/25/2014,Summer,25-Aug,6106.826258
3893,m,8/26/2014,Summer,26-Aug,7706.003869
3893,m,8/27/2014,Summer,27-Aug,8877.295716
3893,m,8/28/2014,Summer,28-Aug,6046.703566
3893,m,8/29/2014,Summer,29-Aug,8618.973781
3893,m,8/30/2014,Summer,30-Aug,13175.16814
3893,m,8/31/2014,Summer,31-Aug,7340.205679
3893,m,9/1/2014,Summer,1-Sep,10495.93365
3893,m,9/2/2014,Summer,2-Sep,11567.33694
3893,m,9/3/2014,Summer,3-Sep,6996.555565
3893,m,9/4/2014,Summer,4-Sep,10834.33134
3893,m,9/5/2014,Summer,5-Sep,9044.638944
3893,m,9/6/2014,Summer,6-Sep,9217.57781
3893,m,9/7/2014,Summer,7-Sep,9133.752957
3893,m,9/8/2014,Summer,8-Sep,8523.030991
3893,m,9/9/2014,Summer,9-Sep,9354.371579
3893,m,9/10/2014,Summer,10-Sep,6663.259597
3893,m,9/11/2014,Summer,11-Sep,9515.575381
3893,m,9/12/2014,Summer,12-Sep,7210.598775
3893,m,9/13/2014,Summer,13-Sep,8564.969063
3893,m,9/14/2014,Summer,14-Sep,9964.990079
3893,m,9/15/2014,Summer,15-Sep,9120.67091
3893,m,9/16/2014,Summer,16-Sep,8336.425635
3893,m,9/17/2014,Summer,17-Sep,9857.136123
3893,m,9/18/2014,Summer,18-Sep,14590.91065
3893,m,9/19/2014,Summer,19-Sep,15021.50926
3893,m,9/20/2014,Summer,20-Sep,11788.88773
3893,m,9/21/2014,Autumn,21-Sep,11261.6792
3893,m,9/22/2014,Autumn,22-Sep,12924.45421
3893,m,9/23/2014,Autumn,23-Sep,14526.21811
3893,m,9/24/2014,Autumn,24-Sep,11191.65369
3893,m,9/25/2014,Autumn,25-Sep,8123.942005
3893,m,9/26/2014,Autumn,26-Sep,15556.88852
3893,m,9/27/2014,Autumn,27-Sep,10334.14272
3893,m,9/28/2014,Autumn,28-Sep,7752.880877
3893,m,9/29/2014,Autumn,29-Sep,13779.37696
3893,m,9/30/2014,Autumn,30-Sep,12151.67279
3893,m,10/1/2014,Autumn,1-Oct,11665.23645
3893,m,10/2/2014,Autumn,2-Oct,8494.011468
3893,m,10/3/2014,Autumn,3-Oct,9790.681481
3893,m,10/4/2014,Autumn,4-Oct,6930.17006
3893,m,10/5/2014,Autumn,5-Oct,14274.69943
3893,m,10/6/2014,Autumn,6-Oct,8752.641454
3893,m,10/7/2014,Autumn,7-Oct,20011.42062
3893,m,10/8/2014,Autumn,8-Oct,11416.04748
3893,m,10/9/2014,Autumn,9-Oct,9357.843054
3893,m,10/10/2014,Autumn,10-Oct,9657.780796
3893,m,10/11/2014,Autumn,11-Oct,10194.72087
3893,m,10/12/2014,Autumn,12-Oct,5429.112773
3893,m,10/13/2014,Autumn,13-Oct,11120.9845
3893,m,10/14/2014,Autumn,14-Oct,10535.26188
3893,m,10/15/2014,Autumn,15-Oct,5442.702678
3893,m,10/16/2014,Autumn,16-Oct,9894.117193
3893,m,10/17/2014,Autumn,17-Oct,9788.532006
3893,m,10/18/2014,Autumn,18-Oct,7640.030731
3893,m,10/19/2014,Autumn,19-Oct,11973.16417
3893,m,10/20/2014,Autumn,20-Oct,12430.79678
3893,m,10/21/2014,Autumn,21-Oct,17500.3049
3893,m,10/22/2014,Autumn,22-Oct,14459.26536
3893,m,10/23/2014,Autumn,23-Oct,12632.49918
3893,m,10/24/2014,Autumn,24-Oct,15275.61855
3893,m,10/25/2014,Autumn,25-Oct,17167.91962
3893,m,10/26/2014,Autumn,26-Oct,8133.462381
3893,m,10/27/2014,Autumn,27-Oct,9093.789571
3893,m,10/28/2014,Autumn,28-Oct,13930.24132
3893,m,10/29/2014,Autumn,29-Oct,31090.3205
3893,m,10/30/2014,Autumn,30-Oct,7582.744393
3893,m,10/31/2014,Autumn,31-Oct,13085.0286
3893,m,11/1/2014,Autumn,1-Nov,10776.18176
3893,m,11/2/2014,Autumn,2-Nov,13002.98543
3893,m,11/3/2014,Autumn,3-Nov,11041.88928
3893,m,11/4/2014,Autumn,4-Nov,23249.37044
3893,m,11/5/2014,Autumn,5-Nov,15553.86008
3893,m,11/6/2014,Autumn,6-Nov,21811.71605
3893,m,11/7/2014,Autumn,7-Nov,14305.4309
3893,m,11/8/2014,Autumn,8-Nov,17339.89801
3893,m,11/9/2014,Autumn,9-Nov,6429.61728
3893,m,11/10/2014,Autumn,10-Nov,11484.91658
3893,m,11/11/2014,Autumn,11-Nov,8885.880052
3893,m,11/12/2014,Autumn,12-Nov,12379.24133
3893,m,11/13/2014,Autumn,13-Nov,11376.38167
3893,m,11/14/2014,Autumn,14-Nov,10347.25881
3893,m,11/15/2014,Autumn,15-Nov,21570.82684
3893,m,11/16/2014,Autumn,16-Nov,9373.380735
3893,m,11/17/2014,Autumn,17-Nov,16186.31742
3893,m,11/18/2014,Autumn,18-Nov,24887.04378
3893,m,11/19/2014,Autumn,19-Nov,10687.58184
3893,m,11/20/2014,Autumn,20-Nov,8378.598593
3893,m,11/21/2014,Autumn,21-Nov,8259.489843
3894,m,7/10/2014,Summer,10-Jul,1662.326408
3894,m,7/18/2014,Summer,18-Jul,3098.200447
3894,m,7/19/2014,Summer,19-Jul,3539.274404
3894,m,7/20/2014,Summer,20-Jul,6325.231366
3894,m,7/21/2014,Summer,21-Jul,7857.907597
3894,m,7/22/2014,Summer,22-Jul,4008.631773
3894,m,7/23/2014,Summer,23-Jul,4639.024654
3894,m,7/24/2014,Summer,24-Jul,5155.655928
3894,m,7/25/2014,Summer,25-Jul,7330.107444
3894,m,7/26/2014,Summer,26-Jul,5411.843317
3894,m,7/27/2014,Summer,27-Jul,6173.10968
3894,m,7/28/2014,Summer,28-Jul,7785.609427
3894,m,7/29/2014,Summer,29-Jul,11707.44505
3894,m,7/30/2014,Summer,30-Jul,7853.082827
3894,m,7/31/2014,Summer,31-Jul,5321.118358
3894,m,8/1/2014,Summer,1-Aug,7779.678738
3894,m,8/2/2014,Summer,2-Aug,8265.124563
3894,m,8/3/2014,Summer,3-Aug,9570.498948
3894,m,8/4/2014,Summer,4-Aug,6348.745076
3894,m,8/5/2014,Summer,5-Aug,5269.662648
3894,m,8/6/2014,Summer,6-Aug,5291.096872
3894,m,8/7/2014,Summer,7-Aug,7402.361535
3894,m,8/8/2014,Summer,8-Aug,4815.081213
3894,m,8/9/2014,Summer,9-Aug,7942.106966
3894,m,8/10/2014,Summer,10-Aug,7239.606483
3894,m,8/11/2014,Summer,11-Aug,9945.827486
3894,m,8/12/2014,Summer,12-Aug,6146.894725
3894,m,8/13/2014,Summer,13-Aug,7789.242585
3894,m,8/14/2014,Summer,14-Aug,5598.615609
3894,m,8/15/2014,Summer,15-Aug,6456.11063
3894,m,8/16/2014,Summer,16-Aug,10161.03707
3894,m,8/17/2014,Summer,17-Aug,5504.837683
3894,m,8/18/2014,Summer,18-Aug,6849.21376
3894,m,8/19/2014,Summer,19-Aug,10063.80899
3894,m,8/20/2014,Summer,20-Aug,5102.216976
3894,m,8/21/2014,Summer,21-Aug,4569.467931
3894,m,8/22/2014,Summer,22-Aug,8812.716587
3894,m,8/23/2014,Summer,23-Aug,7982.784743
3894,m,8/24/2014,Summer,24-Aug,7121.085175
3894,m,8/25/2014,Summer,25-Aug,4434.394096
3894,m,8/26/2014,Summer,26-Aug,3845.659544
3894,m,8/27/2014,Summer,27-Aug,8800.920748
3894,m,8/28/2014,Summer,28-Aug,5366.961623
3894,m,8/29/2014,Summer,29-Aug,4707.82657
3894,m,8/30/2014,Summer,30-Aug,3433.645058
3894,m,8/31/2014,Summer,31-Aug,4502.201801
3894,m,9/1/2014,Summer,1-Sep,10274.54642
3894,m,9/2/2014,Summer,2-Sep,6362.82098
3894,m,9/3/2014,Summer,3-Sep,8379.205241
3894,m,9/4/2014,Summer,4-Sep,5460.391404
3895,f,7/15/2014,Summer,15-Jul,4954.707342
3895,f,7/16/2014,Summer,16-Jul,5742.054289
3895,f,7/17/2014,Summer,17-Jul,9553.79304
3895,f,7/18/2014,Summer,18-Jul,8527.365529
3895,f,7/19/2014,Summer,19-Jul,13988.48319
3895,f,7/20/2014,Summer,20-Jul,4388.497139
3895,f,7/21/2014,Summer,21-Jul,4780.542382
3895,f,7/22/2014,Summer,22-Jul,10463.73112
3895,f,7/23/2014,Summer,23-Jul,5888.677549
3895,f,7/24/2014,Summer,24-Jul,6461.412596
3895,f,7/25/2014,Summer,25-Jul,5512.091227
3895,f,7/26/2014,Summer,26-Jul,12015.25298
3895,f,7/27/2014,Summer,27-Jul,5543.046357
3895,f,7/28/2014,Summer,28-Jul,6391.883094
3895,f,7/29/2014,Summer,29-Jul,9107.142431
3895,f,7/30/2014,Summer,30-Jul,28881.3552
3895,f,7/31/2014,Summer,31-Jul,36892.51109
3895,f,8/1/2014,Summer,1-Aug,29439.65896
3895,f,8/2/2014,Summer,2-Aug,37564.40607
3895,f,8/3/2014,Summer,3-Aug,26035.27629
3895,f,8/4/2014,Summer,4-Aug,27975.46804
3895,f,8/5/2014,Summer,5-Aug,29826.64372
3895,f,8/6/2014,Summer,6-Aug,32941.55433
3895,f,8/7/2014,Summer,7-Aug,12644.22074
3895,f,8/8/2014,Summer,8-Aug,8038.00938
3895,f,8/9/2014,Summer,9-Aug,12517.66047
3895,f,8/10/2014,Summer,10-Aug,8814.982761
3895,f,8/11/2014,Summer,11-Aug,10521.7173
3895,f,8/12/2014,Summer,12-Aug,11115.03614
3895,f,8/13/2014,Summer,13-Aug,8887.140457
3895,f,8/14/2014,Summer,14-Aug,3982.132846
3895,f,8/15/2014,Summer,15-Aug,8822.946102
3895,f,8/16/2014,Summer,16-Aug,9712.457895
3895,f,8/17/2014,Summer,17-Aug,8397.946045
3895,f,8/18/2014,Summer,18-Aug,3186.20732
3896,m,7/15/2014,Summer,15-Jul,3011.801904
3896,m,7/16/2014,Summer,16-Jul,12493.66596
3896,m,7/17/2014,Summer,17-Jul,8971.196041
3896,m,7/18/2014,Summer,18-Jul,8139.104671
3896,m,7/19/2014,Summer,19-Jul,8433.243526
3896,m,7/20/2014,Summer,20-Jul,4817.125877
3896,m,7/21/2014,Summer,21-Jul,9726.896049
3896,m,7/22/2014,Summer,22-Jul,8250.103382
3896,m,7/23/2014,Summer,23-Jul,7957.801343
3896,m,7/24/2014,Summer,24-Jul,6957.269161
3896,m,7/25/2014,Summer,25-Jul,10063.01096
3896,m,7/26/2014,Summer,26-Jul,11890.50428
3896,m,7/27/2014,Summer,27-Jul,9464.66813
3896,m,7/28/2014,Summer,28-Jul,6192.205114
3896,m,7/29/2014,Summer,29-Jul,10263.03715
3896,m,7/30/2014,Summer,30-Jul,17037.55349
3896,m,7/31/2014,Summer,31-Jul,10891.62994
3896,m,8/1/2014,Summer,1-Aug,13392.6232
3896,m,8/2/2014,Summer,2-Aug,10507.31477
3896,m,8/3/2014,Summer,3-Aug,10038.25192
3896,m,8/4/2014,Summer,4-Aug,16783.48985
3896,m,8/5/2014,Summer,5-Aug,13511.47428
3896,m,8/6/2014,Summer,6-Aug,6111.067323
3896,m,8/7/2014,Summer,7-Aug,11513.77566
3896,m,8/8/2014,Summer,8-Aug,6982.058475
3896,m,8/9/2014,Summer,9-Aug,14680.62149
3896,m,8/10/2014,Summer,10-Aug,8497.782646
3896,m,8/11/2014,Summer,11-Aug,10432.90875
3896,m,8/12/2014,Summer,12-Aug,9400.451556
3896,m,8/13/2014,Summer,13-Aug,10089.88669
3896,m,8/14/2014,Summer,14-Aug,5743.577186
3896,m,8/15/2014,Summer,15-Aug,7997.083855
3896,m,8/16/2014,Summer,16-Aug,8412.157575
3896,m,8/17/2014,Summer,17-Aug,9712.95272
3896,m,8/18/2014,Summer,18-Aug,7389.091325
3896,m,8/19/2014,Summer,19-Aug,10394.06575
3896,m,8/20/2014,Summer,20-Aug,8095.593919
3896,m,8/21/2014,Summer,21-Aug,7861.458873
3896,m,8/22/2014,Summer,22-Aug,5820.524059
3896,m,8/23/2014,Summer,23-Aug,11465.10499
3896,m,8/24/2014,Summer,24-Aug,10838.41741
3896,m,8/25/2014,Summer,25-Aug,6337.950425
3896,m,8/26/2014,Summer,26-Aug,9464.327015
3896,m,8/27/2014,Summer,27-Aug,15377.70719
3896,m,8/28/2014,Summer,28-Aug,11105.15798
3896,m,8/29/2014,Summer,29-Aug,14193.01966
3896,m,8/30/2014,Summer,30-Aug,19628.41975
3896,m,8/31/2014,Summer,31-Aug,15255.47911
3896,m,9/1/2014,Summer,1-Sep,7181.709114
3896,m,9/2/2014,Summer,2-Sep,16595.49169
3896,m,9/3/2014,Summer,3-Sep,19304.18926
3896,m,9/4/2014,Summer,4-Sep,12035.88539
3896,m,9/5/2014,Summer,5-Sep,14223.98519
3896,m,9/6/2014,Summer,6-Sep,17152.07008
3896,m,9/7/2014,Summer,7-Sep,15852.53846
3896,m,9/8/2014,Summer,8-Sep,19618.04651
3896,m,9/9/2014,Summer,9-Sep,13821.68525
3896,m,9/10/2014,Summer,10-Sep,17973.37322
3896,m,9/11/2014,Summer,11-Sep,10724.2225
3896,m,9/12/2014,Summer,12-Sep,16147.10443
3896,m,9/13/2014,Summer,13-Sep,23447.39952
3896,m,9/14/2014,Summer,14-Sep,15189.04063
3896,m,9/15/2014,Summer,15-Sep,9421.652243
3896,m,9/16/2014,Summer,16-Sep,10730.30832
3896,m,9/17/2014,Summer,17-Sep,13074.22306
3896,m,9/18/2014,Summer,18-Sep,13277.40658
3896,m,9/19/2014,Summer,19-Sep,8032.344039
3896,m,9/20/2014,Summer,20-Sep,7933.323049
3896,m,9/21/2014,Autumn,21-Sep,13217.74778
3896,m,9/22/2014,Autumn,22-Sep,6213.491889
3896,m,9/23/2014,Autumn,23-Sep,8651.381951
3896,m,9/24/2014,Autumn,24-Sep,9589.568176
3896,m,9/25/2014,Autumn,25-Sep,6251.317349
3896,m,9/26/2014,Autumn,26-Sep,10106.72756
3896,m,9/27/2014,Autumn,27-Sep,12012.5844
3896,m,9/28/2014,Autumn,28-Sep,11019.87123
3896,m,9/29/2014,Autumn,29-Sep,8775.592816
3896,m,9/30/2014,Autumn,30-Sep,9347.585592
3896,m,10/1/2014,Autumn,1-Oct,11585.3492
3896,m,10/2/2014,Autumn,2-Oct,12756.10912
3896,m,10/3/2014,Autumn,3-Oct,15812.04996
3896,m,10/4/2014,Autumn,4-Oct,13503.94251
3896,m,10/5/2014,Autumn,5-Oct,10538.19659
3896,m,10/6/2014,Autumn,6-Oct,10187.35791
3896,m,10/7/2014,Autumn,7-Oct,15390.83118
3896,m,10/8/2014,Autumn,8-Oct,14943.53235
3896,m,10/9/2014,Autumn,9-Oct,11891.67827
3896,m,10/10/2014,Autumn,10-Oct,12093.92379
3896,m,10/11/2014,Autumn,11-Oct,11155.50023
3896,m,10/12/2014,Autumn,12-Oct,12370.28428
3896,m,10/13/2014,Autumn,13-Oct,15899.07487
3896,m,10/14/2014,Autumn,14-Oct,10535.25365
3896,m,10/15/2014,Autumn,15-Oct,12727.40743
3896,m,10/16/2014,Autumn,16-Oct,11565.49437
3896,m,10/17/2014,Autumn,17-Oct,11494.32456
3896,m,10/18/2014,Autumn,18-Oct,11294.61865
3896,m,10/19/2014,Autumn,19-Oct,8991.832531
3896,m,10/20/2014,Autumn,20-Oct,8732.722885
3896,m,10/21/2014,Autumn,21-Oct,10217.76256
3896,m,10/22/2014,Autumn,22-Oct,15331.5543
3896,m,10/23/2014,Autumn,23-Oct,8359.553352
3896,m,10/24/2014,Autumn,24-Oct,7040.641236
3896,m,10/25/2014,Autumn,25-Oct,9794.196977
3896,m,10/26/2014,Autumn,26-Oct,12829.00563
3896,m,10/27/2014,Autumn,27-Oct,9983.99222
3896,m,10/28/2014,Autumn,28-Oct,15210.04839
3896,m,10/29/2014,Autumn,29-Oct,6534.215928
3896,m,10/30/2014,Autumn,30-Oct,11856.01563
3896,m,10/31/2014,Autumn,31-Oct,7619.036793
3896,m,11/1/2014,Autumn,1-Nov,11727.44884
3896,m,11/2/2014,Autumn,2-Nov,8691.886599
3896,m,11/3/2014,Autumn,3-Nov,7728.987364
3896,m,11/4/2014,Autumn,4-Nov,11375.96734
3896,m,11/5/2014,Autumn,5-Nov,11904.67367
3896,m,11/6/2014,Autumn,6-Nov,20328.9577
3896,m,11/7/2014,Autumn,7-Nov,14581.3292
3896,m,11/8/2014,Autumn,8-Nov,24786.67037
3896,m,11/9/2014,Autumn,9-Nov,12562.05065
3896,m,11/10/2014,Autumn,10-Nov,15910.71431
3896,m,11/11/2014,Autumn,11-Nov,11737.52309
3896,m,11/12/2014,Autumn,12-Nov,9049.566138
3896,m,11/13/2014,Autumn,13-Nov,4864.924069
3897,f,5/4/2015,Spring,4-May,8592.497565
3897,f,5/5/2015,Spring,5-May,5263.302686
3897,f,5/6/2015,Spring,6-May,5811.421772
3897,f,5/7/2015,Spring,7-May,12049.10374
3897,f,5/8/2015,Spring,8-May,5554.714032
3897,f,5/9/2015,Spring,9-May,3138.049544
3897,f,5/10/2015,Spring,10-May,5546.777951
3897,f,5/15/2015,Spring,15-May,5566.032948
3897,f,5/16/2015,Spring,16-May,16571.86586
3897,f,5/17/2015,Spring,17-May,8129.378193
3897,f,5/18/2015,Spring,18-May,9208.994185
3897,f,5/19/2015,Spring,19-May,6805.227075
3897,f,5/20/2015,Spring,20-May,9186.107704
3897,f,5/21/2015,Spring,21-May,7757.736273
3897,f,5/22/2015,Spring,22-May,2840.947918
3897,f,5/23/2015,Spring,23-May,10032.74679
3897,f,5/24/2015,Spring,24-May,10715.34502
3897,f,5/25/2015,Spring,25-May,4197.644524
3897,f,5/26/2015,Spring,26-May,3472.352171
3897,f,5/27/2015,Spring,27-May,11792.54796
3897,f,5/28/2015,Spring,28-May,5768.929591
3897,f,5/29/2015,Spring,29-May,14910.32409
3897,f,5/30/2015,Spring,30-May,10185.84788
3897,f,5/31/2015,Spring,31-May,9464.206331
3897,f,6/1/2015,Spring,1-Jun,7588.489996
3897,f,6/2/2015,Spring,2-Jun,17338.62835
3897,f,6/3/2015,Spring,3-Jun,16136.90531
3897,f,6/4/2015,Spring,4-Jun,17087.7547
3897,f,6/5/2015,Spring,5-Jun,14763.11124
3897,f,6/6/2015,Spring,6-Jun,9899.373867
3897,f,6/7/2015,Spring,7-Jun,14381.70069
3897,f,6/8/2015,Spring,8-Jun,2597.650115
3897,f,6/9/2015,Spring,9-Jun,13919.33249
3897,f,6/10/2015,Spring,10-Jun,6624.406635
3897,f,6/11/2015,Spring,11-Jun,13715.39952
3897,f,6/12/2015,Spring,12-Jun,5328.268178
3897,f,6/13/2015,Spring,13-Jun,3923.711551
3897,f,6/14/2015,Spring,14-Jun,13401.01637
3897,f,6/15/2015,Spring,15-Jun,4778.164165
3897,f,6/16/2015,Spring,16-Jun,12534.26002
3897,f,6/17/2015,Spring,17-Jun,8350.13858
3897,f,6/18/2015,Spring,18-Jun,5298.629605
3897,f,6/19/2015,Spring,19-Jun,10530.39341
3897,f,6/20/2015,Spring,20-Jun,12090.80947
3897,f,6/21/2015,Spring,21-Jun,5676.893022
3897,f,6/22/2015,Summer,22-Jun,11273.15343
3897,f,6/23/2015,Summer,23-Jun,11145.23957
3897,f,6/24/2015,Summer,24-Jun,6864.849008
3897,f,6/25/2015,Summer,25-Jun,6270.747234
3897,f,6/26/2015,Summer,26-Jun,3084.020734
3897,f,6/27/2015,Summer,27-Jun,13998.76438
3897,f,6/28/2015,Summer,28-Jun,11118.67019
3897,f,6/29/2015,Summer,29-Jun,10007.83986
3897,f,6/30/2015,Summer,30-Jun,10412.26075
3897,f,7/1/2015,Summer,1-Jul,17620.3202
3897,f,7/2/2015,Summer,2-Jul,16831.77237
3897,f,7/3/2015,Summer,3-Jul,8992.435011
3897,f,7/4/2015,Summer,4-Jul,12249.62888
3897,f,7/5/2015,Summer,5-Jul,11794.71037
3897,f,7/6/2015,Summer,6-Jul,12425.84683
3897,f,7/7/2015,Summer,7-Jul,10713.75241
3897,f,7/8/2015,Summer,8-Jul,13826.39586
3897,f,7/9/2015,Summer,9-Jul,13514.86329
3897,f,7/10/2015,Summer,10-Jul,8154.674798
3897,f,7/11/2015,Summer,11-Jul,11804.98076
3897,f,7/12/2015,Summer,12-Jul,6836.893264
3897,f,7/13/2015,Summer,13-Jul,9997.958864
3897,f,7/14/2015,Summer,14-Jul,13462.66166
3897,f,7/15/2015,Summer,15-Jul,10651.95094
3897,f,7/16/2015,Summer,16-Jul,9762.041008
3897,f,7/17/2015,Summer,17-Jul,6275.131852
3897,f,7/18/2015,Summer,18-Jul,5879.805573
3897,f,7/19/2015,Summer,19-Jul,8167.603544
3897,f,7/20/2015,Summer,20-Jul,5861.972533
3897,f,7/21/2015,Summer,21-Jul,13588.77474
3897,f,7/22/2015,Summer,22-Jul,11070.12285
3897,f,7/23/2015,Summer,23-Jul,13419.7436
3897,f,7/24/2015,Summer,24-Jul,10769.47752
3897,f,7/25/2015,Summer,25-Jul,13563.93676
3897,f,7/26/2015,Summer,26-Jul,14006.60408
3897,f,7/27/2015,Summer,27-Jul,11551.0727
3897,f,7/28/2015,Summer,28-Jul,15758.23902
3897,f,7/29/2015,Summer,29-Jul,14368.41221
3897,f,7/30/2015,Summer,30-Jul,10302.6361
3897,f,7/31/2015,Summer,31-Jul,20314.05912
3897,f,8/1/2015,Summer,1-Aug,14732.70064
3897,f,8/2/2015,Summer,2-Aug,9558.587436
3897,f,8/3/2015,Summer,3-Aug,8669.16493
3897,f,8/4/2015,Summer,4-Aug,12744.34151
3897,f,8/5/2015,Summer,5-Aug,7937.788296
3897,f,8/6/2015,Summer,6-Aug,8807.562477
3897,f,8/7/2015,Summer,7-Aug,8176.684642
3897,f,8/8/2015,Summer,8-Aug,7495.896292
3897,f,8/9/2015,Summer,9-Aug,5015.514988
3897,f,8/10/2015,Summer,10-Aug,5516.20715
3897,f,8/11/2015,Summer,11-Aug,8021.291338
3897,f,8/12/2015,Summer,12-Aug,8057.941204
3897,f,8/13/2015,Summer,13-Aug,6938.435453
3897,f,8/14/2015,Summer,14-Aug,8942.407922
3897,f,8/15/2015,Summer,15-Aug,7494.562693
3897,f,8/16/2015,Summer,16-Aug,4615.571976
3897,f,8/17/2015,Summer,17-Aug,9657.352233
3897,f,8/18/2015,Summer,18-Aug,5707.114821
3897,f,8/19/2015,Summer,19-Aug,3618.008575
3897,f,8/20/2015,Summer,20-Aug,5548.653328
3897,f,8/21/2015,Summer,21-Aug,5786.347508
3897,f,8/22/2015,Summer,22-Aug,6773.147088
3897,f,8/23/2015,Summer,23-Aug,8964.604229
3897,f,8/24/2015,Summer,24-Aug,9084.089066
3897,f,8/25/2015,Summer,25-Aug,4799.255985
3897,f,8/26/2015,Summer,26-Aug,6559.743711
3897,f,8/27/2015,Summer,27-Aug,10354.16425
3897,f,8/28/2015,Summer,28-Aug,14099.92255
3897,f,8/29/2015,Summer,29-Aug,8653.106964
3897,f,8/30/2015,Summer,30-Aug,6840.952136
3897,f,8/31/2015,Summer,31-Aug,8391.682497
3897,f,9/1/2015,Summer,1-Sep,7902.911003
3897,f,9/2/2015,Summer,2-Sep,8712.570945
3897,f,9/3/2015,Summer,3-Sep,5422.744748
3897,f,9/4/2015,Summer,4-Sep,14015.31155
3897,f,9/5/2015,Summer,5-Sep,10040.71828
3897,f,9/6/2015,Summer,6-Sep,11392.5487
3897,f,9/7/2015,Summer,7-Sep,6467.754904
3897,f,9/8/2015,Summer,8-Sep,11456.3119
3897,f,9/9/2015,Summer,9-Sep,12174.55616
3897,f,9/10/2015,Summer,10-Sep,7238.743936
3897,f,9/11/2015,Summer,11-Sep,3595.746553
3897,f,9/12/2015,Summer,12-Sep,10674.17077
3897,f,9/13/2015,Summer,13-Sep,5362.771308
3897,f,9/14/2015,Summer,14-Sep,7797.034999
3897,f,9/15/2015,Summer,15-Sep,4967.84704
3897,f,9/16/2015,Summer,16-Sep,11981.01534
3897,f,9/17/2015,Summer,17-Sep,6391.860575
3897,f,9/18/2015,Summer,18-Sep,4850.890401
3897,f,9/19/2015,Summer,19-Sep,6655.324518
3897,f,9/20/2015,Summer,20-Sep,6775.860662
3897,f,9/21/2015,Autumn,21-Sep,2375.740988
3897,f,9/22/2015,Autumn,22-Sep,4059.01852
3897,f,9/23/2015,Autumn,23-Sep,4544.351039
3897,f,9/24/2015,Autumn,24-Sep,10016.63808
3897,f,9/25/2015,Autumn,25-Sep,5261.85066
3897,f,9/26/2015,Autumn,26-Sep,6320.25656
3897,f,9/27/2015,Autumn,27-Sep,10806.8231
3897,f,9/28/2015,Autumn,28-Sep,11033.18147
3897,f,10/20/2015,Autumn,20-Oct,2723.514388
3897,f,10/21/2015,Autumn,21-Oct,1933.037967
3897,f,10/22/2015,Autumn,22-Oct,1341.931529
3897,f,10/23/2015,Autumn,23-Oct,9283.617901
3897,f,10/24/2015,Autumn,24-Oct,4738.509169
3897,f,10/25/2015,Autumn,25-Oct,6871.097464
3897,f,10/26/2015,Autumn,26-Oct,10352.51398
3897,f,10/27/2015,Autumn,27-Oct,5484.316911
3897,f,10/28/2015,Autumn,28-Oct,3622.455992
3897,f,10/29/2015,Autumn,29-Oct,3250.949417
3897,f,10/30/2015,Autumn,30-Oct,7473.279006
3897,f,10/31/2015,Autumn,31-Oct,4154.191775
3897,f,11/1/2015,Autumn,1-Nov,4483.422651
3898,m,5/21/2015,Spring,21-May,8166.581609
3898,m,5/22/2015,Spring,22-May,13290.59774
3898,m,5/23/2015,Spring,23-May,15369.60245
3898,m,5/24/2015,Spring,24-May,11091.49743
3898,m,5/25/2015,Spring,25-May,10180.06235
3898,m,5/26/2015,Spring,26-May,28667.83227
3898,m,5/27/2015,Spring,27-May,20368.08723
3898,m,5/28/2015,Spring,28-May,10700.43366
3898,m,5/29/2015,Spring,29-May,9740.774899
3898,m,5/30/2015,Spring,30-May,18555.98427
3898,m,5/31/2015,Spring,31-May,13116.38746
3898,m,6/1/2015,Spring,1-Jun,7127.975949
3898,m,6/2/2015,Spring,2-Jun,13801.26412
3898,m,6/3/2015,Spring,3-Jun,10657.98367
3898,m,6/4/2015,Spring,4-Jun,11858.18584
3898,m,6/5/2015,Spring,5-Jun,7617.866594
3898,m,6/6/2015,Spring,6-Jun,9051.496454
3898,m,6/7/2015,Spring,7-Jun,20969.01794
3898,m,6/8/2015,Spring,8-Jun,10383.59599
3898,m,6/9/2015,Spring,9-Jun,9504.910691
3898,m,6/10/2015,Spring,10-Jun,10845.01271
3898,m,6/11/2015,Spring,11-Jun,7037.619435
3898,m,6/12/2015,Spring,12-Jun,11409.3563
3898,m,6/13/2015,Spring,13-Jun,16135.5707
3898,m,6/14/2015,Spring,14-Jun,14659.24817
3898,m,6/15/2015,Spring,15-Jun,17185.05987
3898,m,6/16/2015,Spring,16-Jun,12577.15638
3898,m,6/17/2015,Spring,17-Jun,9464.797334
3898,m,6/18/2015,Spring,18-Jun,10326.18003
3898,m,6/19/2015,Spring,19-Jun,15507.70341
3898,m,6/20/2015,Spring,20-Jun,11626.56444
3898,m,6/21/2015,Spring,21-Jun,11315.72359
3898,m,6/22/2015,Summer,22-Jun,10314.09932
3898,m,6/23/2015,Summer,23-Jun,10244.33126
3898,m,6/24/2015,Summer,24-Jun,12907.93237
3898,m,6/25/2015,Summer,25-Jun,11631.42132
3898,m,6/26/2015,Summer,26-Jun,8561.986657
3898,m,6/27/2015,Summer,27-Jun,10456.61115
3898,m,6/28/2015,Summer,28-Jun,12602.0363
3898,m,6/29/2015,Summer,29-Jun,11162.26685
3898,m,6/30/2015,Summer,30-Jun,11992.30414
3898,m,7/1/2015,Summer,1-Jul,15439.85436
3898,m,7/2/2015,Summer,2-Jul,17723.92644
3898,m,7/3/2015,Summer,3-Jul,13092.50232
3898,m,7/4/2015,Summer,4-Jul,10681.03525
3898,m,7/5/2015,Summer,5-Jul,15820.94892
3898,m,7/6/2015,Summer,6-Jul,13995.76913
3898,m,7/7/2015,Summer,7-Jul,10473.43662
3898,m,7/8/2015,Summer,8-Jul,11138.74748
3898,m,7/9/2015,Summer,9-Jul,15619.83407
3898,m,7/10/2015,Summer,10-Jul,9076.508774
3898,m,7/11/2015,Summer,11-Jul,17605.10848
3898,m,7/12/2015,Summer,12-Jul,18389.12801
3898,m,7/13/2015,Summer,13-Jul,16582.30341
3898,m,7/14/2015,Summer,14-Jul,19319.96322
3898,m,7/15/2015,Summer,15-Jul,18459.43649
3898,m,7/16/2015,Summer,16-Jul,12572.34967
3898,m,7/17/2015,Summer,17-Jul,14253.40757
3898,m,7/18/2015,Summer,18-Jul,16679.03688
3898,m,7/19/2015,Summer,19-Jul,12089.25761
3898,m,7/20/2015,Summer,20-Jul,18905.39204
3898,m,7/21/2015,Summer,21-Jul,17251.2609
3898,m,7/22/2015,Summer,22-Jul,11823.91024
3898,m,7/23/2015,Summer,23-Jul,16005.30836
3898,m,7/24/2015,Summer,24-Jul,13068.50443
3898,m,7/25/2015,Summer,25-Jul,17645.8482
3898,m,7/26/2015,Summer,26-Jul,24292.10349
3898,m,7/27/2015,Summer,27-Jul,16469.21167
3898,m,7/28/2015,Summer,28-Jul,17528.17301
3898,m,7/29/2015,Summer,29-Jul,18482.23298
3898,m,7/30/2015,Summer,30-Jul,14420.4606
3898,m,7/31/2015,Summer,31-Jul,8088.176366
3898,m,8/1/2015,Summer,1-Aug,15262.93497
3898,m,8/2/2015,Summer,2-Aug,16251.25844
3898,m,8/3/2015,Summer,3-Aug,11804.92791
3898,m,8/4/2015,Summer,4-Aug,13684.07872
3898,m,8/5/2015,Summer,5-Aug,9213.655926
3898,m,8/6/2015,Summer,6-Aug,9682.464822
3898,m,8/7/2015,Summer,7-Aug,5287.263637
3899,f,5/13/2015,Spring,13-May,5358.378314
3899,f,5/14/2015,Spring,14-May,5827.503841
3899,f,5/15/2015,Spring,15-May,9935.667796
3899,f,5/16/2015,Spring,16-May,6660.761064
3899,f,5/17/2015,Spring,17-May,9692.970635
3899,f,5/18/2015,Spring,18-May,10184.74298
3899,f,5/19/2015,Spring,19-May,8382.210144
3899,f,5/20/2015,Spring,20-May,10810.87532
3899,f,5/21/2015,Spring,21-May,8196.243515
3899,f,5/22/2015,Spring,22-May,8807.635088
3899,f,5/23/2015,Spring,23-May,11318.34161
3899,f,5/24/2015,Spring,24-May,4842.313751
3899,f,5/25/2015,Spring,25-May,15781.63907
3899,f,5/26/2015,Spring,26-May,17214.01243
3899,f,5/27/2015,Spring,27-May,9479.637104
3899,f,5/28/2015,Spring,28-May,14822.88624
3899,f,5/29/2015,Spring,29-May,12686.71474
3899,f,5/30/2015,Spring,30-May,15204.77167
3899,f,5/31/2015,Spring,31-May,9393.722319
3899,f,6/1/2015,Spring,1-Jun,19683.67868
3899,f,6/2/2015,Spring,2-Jun,12674.12637
3899,f,6/3/2015,Spring,3-Jun,14667.03915
3899,f,6/4/2015,Spring,4-Jun,16677.96507
3899,f,6/5/2015,Spring,5-Jun,14699.56501
3899,f,6/6/2015,Spring,6-Jun,7593.121204
3899,f,6/7/2015,Spring,7-Jun,11867.35486
3899,f,6/8/2015,Spring,8-Jun,16624.65951
3899,f,6/9/2015,Spring,9-Jun,16632.49798
3899,f,6/10/2015,Spring,10-Jun,10495.55425
3899,f,6/11/2015,Spring,11-Jun,9620.237924
3899,f,6/12/2015,Spring,12-Jun,13280.72086
3899,f,6/13/2015,Spring,13-Jun,11683.59093
3899,f,6/14/2015,Spring,14-Jun,10312.78162
3899,f,6/15/2015,Spring,15-Jun,8383.233365
3899,f,6/16/2015,Spring,16-Jun,12626.02181
3899,f,6/17/2015,Spring,17-Jun,9339.255522
3899,f,6/18/2015,Spring,18-Jun,8741.531126
3899,f,6/19/2015,Spring,19-Jun,8890.490523
3899,f,6/20/2015,Spring,20-Jun,11867.1014
3899,f,6/21/2015,Spring,21-Jun,7624.415184
3899,f,6/22/2015,Summer,22-Jun,14254.70931
3899,f,6/23/2015,Summer,23-Jun,8719.157667
3899,f,6/24/2015,Summer,24-Jun,9815.944066
3899,f,6/25/2015,Summer,25-Jun,8754.684768
3899,f,6/26/2015,Summer,26-Jun,12130.27679
3899,f,6/27/2015,Summer,27-Jun,9781.225146
3899,f,6/28/2015,Summer,28-Jun,16128.6979
3899,f,6/29/2015,Summer,29-Jun,15645.41761
3899,f,6/30/2015,Summer,30-Jun,10206.29173
3899,f,7/1/2015,Summer,1-Jul,9135.146134
3899,f,7/2/2015,Summer,2-Jul,12821.58559
3899,f,7/3/2015,Summer,3-Jul,11499.08542
3899,f,7/4/2015,Summer,4-Jul,12738.7443
3899,f,7/5/2015,Summer,5-Jul,5226.454052
3899,f,7/6/2015,Summer,6-Jul,20186.73086
3899,f,7/7/2015,Summer,7-Jul,15839.92333
3899,f,7/8/2015,Summer,8-Jul,13339.31437
3899,f,7/9/2015,Summer,9-Jul,15113.51327
3899,f,7/10/2015,Summer,10-Jul,16206.39321
3899,f,7/11/2015,Summer,11-Jul,21912.22161
3899,f,7/12/2015,Summer,12-Jul,12241.98084
3899,f,7/13/2015,Summer,13-Jul,4374.201636
3899,f,7/14/2015,Summer,14-Jul,12117.71966
3899,f,7/15/2015,Summer,15-Jul,16594.30817
3899,f,7/16/2015,Summer,16-Jul,15102.66462
3899,f,7/17/2015,Summer,17-Jul,10055.75298
3899,f,7/18/2015,Summer,18-Jul,9885.532866
3899,f,7/19/2015,Summer,19-Jul,11656.26589
3899,f,7/20/2015,Summer,20-Jul,5859.140002
3899,f,7/21/2015,Summer,21-Jul,12455.04386
3899,f,7/22/2015,Summer,22-Jul,14911.07289
3899,f,7/23/2015,Summer,23-Jul,8318.561141
3899,f,7/24/2015,Summer,24-Jul,5118.359896
3899,f,7/25/2015,Summer,25-Jul,12452.62769
3899,f,7/26/2015,Summer,26-Jul,11135.50705
3899,f,7/27/2015,Summer,27-Jul,11973.56797
3899,f,7/28/2015,Summer,28-Jul,14997.22904
3899,f,7/29/2015,Summer,29-Jul,11927.14867
3899,f,7/30/2015,Summer,30-Jul,7155.794246
3899,f,7/31/2015,Summer,31-Jul,17317.71344
3899,f,8/1/2015,Summer,1-Aug,12205.31996
3899,f,8/2/2015,Summer,2-Aug,9294.768168
3899,f,8/3/2015,Summer,3-Aug,9199.944769
3899,f,8/4/2015,Summer,4-Aug,9921.684149
3899,f,8/5/2015,Summer,5-Aug,11179.41608
3899,f,8/6/2015,Summer,6-Aug,9895.530918
3899,f,8/7/2015,Summer,7-Aug,12244.24779
3899,f,8/8/2015,Summer,8-Aug,5362.951982
3899,f,8/9/2015,Summer,9-Aug,18718.78461
3899,f,8/10/2015,Summer,10-Aug,7442.945751
3899,f,8/11/2015,Summer,11-Aug,17065.69423
3899,f,8/12/2015,Summer,12-Aug,5477.15524
3899,f,8/13/2015,Summer,13-Aug,4724.578341
3899,f,8/14/2015,Summer,14-Aug,5854.048409
3899,f,8/15/2015,Summer,15-Aug,6019.144803
3899,f,8/16/2015,Summer,16-Aug,5563.099461
3899,f,8/17/2015,Summer,17-Aug,3273.145028
3899,f,8/18/2015,Summer,18-Aug,8203.637967
3899,f,8/19/2015,Summer,19-Aug,11299.98021
3899,f,8/20/2015,Summer,20-Aug,12993.50114
3899,f,8/21/2015,Summer,21-Aug,7993.877932
3899,f,8/22/2015,Summer,22-Aug,5213.777951
3899,f,8/23/2015,Summer,23-Aug,4518.141941
3899,f,8/24/2015,Summer,24-Aug,4461.003445
3899,f,8/25/2015,Summer,25-Aug,11409.53673
3899,f,8/26/2015,Summer,26-Aug,9200.891813
3899,f,8/27/2015,Summer,27-Aug,4085.37624
3899,f,8/28/2015,Summer,28-Aug,8503.361441
3899,f,8/29/2015,Summer,29-Aug,7928.980186
3899,f,8/30/2015,Summer,30-Aug,5916.445149
3899,f,8/31/2015,Summer,31-Aug,5187.12405
3899,f,9/1/2015,Summer,1-Sep,4770.965042
3899,f,9/2/2015,Summer,2-Sep,6812.777952
3899,f,9/3/2015,Summer,3-Sep,8733.419803
3899,f,9/4/2015,Summer,4-Sep,3941.109053
3899,f,9/5/2015,Summer,5-Sep,6964.616437
3899,f,9/6/2015,Summer,6-Sep,7840.945925
3899,f,9/7/2015,Summer,7-Sep,7698.36261
3899,f,9/8/2015,Summer,8-Sep,13293.73477
3899,f,9/9/2015,Summer,9-Sep,7530.762413
3899,f,9/10/2015,Summer,10-Sep,6437.559034
3899,f,9/11/2015,Summer,11-Sep,6649.847108
3899,f,9/12/2015,Summer,12-Sep,5129.924153
3899,f,9/13/2015,Summer,13-Sep,4329.923288
4043,f,2/17/2016,Winter,17-Feb,5201.440227
4043,f,2/18/2016,Winter,18-Feb,3885.619855
4043,f,2/19/2016,Winter,19-Feb,5381.406645
4043,f,2/20/2016,Winter,20-Feb,9621.200833
4043,f,2/21/2016,Winter,21-Feb,4843.058174
4043,f,2/22/2016,Winter,22-Feb,4279.491433
4043,f,2/23/2016,Winter,23-Feb,3539.348271
4043,f,2/24/2016,Winter,24-Feb,4072.326724
4043,f,2/25/2016,Winter,25-Feb,4239.274628
4043,f,2/26/2016,Winter,26-Feb,4781.594907
4043,f,2/27/2016,Winter,27-Feb,3574.837287
4043,f,2/28/2016,Winter,28-Feb,5235.059772
4043,f,2/29/2016,Winter,29-Feb,4700.815477
4043,f,3/1/2016,Winter,1-Mar,6454.707069
4043,f,3/2/2016,Winter,2-Mar,5874.24568
4043,f,3/3/2016,Winter,3-Mar,4291.163281
4043,f,3/4/2016,Winter,4-Mar,2767.22136
4043,f,3/5/2016,Winter,5-Mar,3332.60972
4043,f,3/6/2016,Winter,6-Mar,4817.873386
4043,f,3/7/2016,Winter,7-Mar,4390.272379
4043,f,3/8/2016,Winter,8-Mar,4260.12956
4043,f,3/9/2016,Winter,9-Mar,3142.375779
4043,f,3/10/2016,Winter,10-Mar,2970.423701
4043,f,3/11/2016,Winter,11-Mar,5595.26282
4043,f,3/12/2016,Winter,12-Mar,14069.20399
4043,f,3/13/2016,Winter,13-Mar,1919.401987
4043,f,3/14/2016,Winter,14-Mar,9192.906974
4043,f,3/15/2016,Winter,15-Mar,5629.917039
4043,f,3/16/2016,Winter,16-Mar,8029.925733
4043,f,3/17/2016,Winter,17-Mar,7805.481852
4043,f,3/18/2016,Winter,18-Mar,5560.383685
4043,f,3/19/2016,Winter,19-Mar,4417.857893
4043,f,3/20/2016,Winter,20-Mar,8779.31423
4043,f,3/21/2016,Spring,21-Mar,11213.68299
4043,f,3/22/2016,Spring,22-Mar,16984.6123
4043,f,3/23/2016,Spring,23-Mar,5906.262143
4043,f,3/24/2016,Spring,24-Mar,12823.16654
4043,f,3/25/2016,Spring,25-Mar,8862.879357
4043,f,3/26/2016,Spring,26-Mar,7704.666204
4043,f,3/27/2016,Spring,27-Mar,13459.60592
4043,f,3/28/2016,Spring,28-Mar,6100.77745
4043,f,3/29/2016,Spring,29-Mar,7947.400808
4043,f,3/30/2016,Spring,30-Mar,17473.59462
4043,f,3/31/2016,Spring,31-Mar,8885.405921
4043,f,4/1/2016,Spring,1-Apr,8425.080986
4043,f,4/2/2016,Spring,2-Apr,14686.06765
4043,f,4/3/2016,Spring,3-Apr,22201.0116
4043,f,4/4/2016,Spring,4-Apr,3997.357247
4044,f,4/19/2016,Spring,19-Apr,20653.25073
4044,f,4/20/2016,Spring,20-Apr,16657.60002
4044,f,4/21/2016,Spring,21-Apr,12521.80121
4044,f,4/22/2016,Spring,22-Apr,11699.68248
4044,f,4/23/2016,Spring,23-Apr,17992.97518
4044,f,4/24/2016,Spring,24-Apr,15177.96354
4044,f,4/25/2016,Spring,25-Apr,12496.32094
4044,f,4/26/2016,Spring,26-Apr,12492.28526
4044,f,4/27/2016,Spring,27-Apr,13124.07827
4044,f,4/28/2016,Spring,28-Apr,16170.68339
4044,f,4/29/2016,Spring,29-Apr,22130.50393
4044,f,4/30/2016,Spring,30-Apr,15992.92933
4044,f,5/1/2016,Spring,1-May,10925.15074
4044,f,5/2/2016,Spring,2-May,7178.445102
4044,f,5/3/2016,Spring,3-May,10807.41214
4044,f,5/4/2016,Spring,4-May,8891.291942
4044,f,5/5/2016,Spring,5-May,10685.59034
4044,f,5/6/2016,Spring,6-May,7483.335257
4044,f,5/7/2016,Spring,7-May,11526.35301
4044,f,5/8/2016,Spring,8-May,11175.97518
4044,f,5/9/2016,Spring,9-May,11822.49494
4044,f,5/10/2016,Spring,10-May,7028.183401
4044,f,5/11/2016,Spring,11-May,7978.017603
4044,f,5/12/2016,Spring,12-May,6886.766462
4044,f,5/13/2016,Spring,13-May,8188.86974
4044,f,5/14/2016,Spring,14-May,14585.57626
4044,f,5/15/2016,Spring,15-May,3816.251809
4045,m,4/19/2016,Spring,19-Apr,3693.679297
4045,m,4/20/2016,Spring,20-Apr,9976.917126
4045,m,4/21/2016,Spring,21-Apr,12762.53624
4045,m,4/22/2016,Spring,22-Apr,18091.95473
4045,m,4/23/2016,Spring,23-Apr,3446.455109
4045,m,4/24/2016,Spring,24-Apr,4113.41716
4045,m,4/25/2016,Spring,25-Apr,2991.13989
4045,m,4/26/2016,Spring,26-Apr,3521.437583
4045,m,4/27/2016,Spring,27-Apr,3346.675214
4045,m,4/28/2016,Spring,28-Apr,3285.0154
4045,m,4/29/2016,Spring,29-Apr,3062.657985
4045,m,4/30/2016,Spring,30-Apr,3955.278689
4045,m,5/1/2016,Spring,1-May,2931.08419
4045,m,5/2/2016,Spring,2-May,3784.11979
4045,m,5/3/2016,Spring,3-May,5503.955269
4045,m,5/4/2016,Spring,4-May,3666.154862
4045,m,5/5/2016,Spring,5-May,5286.149524
4045,m,5/6/2016,Spring,6-May,5688.788502
4045,m,5/7/2016,Spring,7-May,3224.154854
4045,m,5/8/2016,Spring,8-May,3794.572501
4045,m,5/9/2016,Spring,9-May,3796.125567
4045,m,5/10/2016,Spring,10-May,3457.582462
4045,m,5/11/2016,Spring,11-May,4093.036445
4045,m,5/12/2016,Spring,12-May,3725.63249
4045,m,5/13/2016,Spring,13-May,3416.332073
4045,m,5/14/2016,Spring,14-May,3032.615386
4045,m,5/15/2016,Spring,15-May,3688.21877
4045,m,5/16/2016,Spring,16-May,3348.828736
4046,f,6/6/2016,Spring,6-Jun,6963.819964
4046,f,6/7/2016,Spring,7-Jun,4514.548202
4046,f,6/8/2016,Spring,8-Jun,14327.87215
4046,f,6/9/2016,Spring,9-Jun,8913.742135
4046,f,6/10/2016,Spring,10-Jun,8101.19731
4046,f,6/11/2016,Spring,11-Jun,5991.059564
4046,f,6/12/2016,Spring,12-Jun,7307.260629
4046,f,6/13/2016,Spring,13-Jun,7334.052936
4046,f,6/14/2016,Spring,14-Jun,8651.744772
4046,f,6/15/2016,Spring,15-Jun,10123.16289
4046,f,6/16/2016,Spring,16-Jun,6706.246407
4046,f,6/17/2016,Spring,17-Jun,5525.312745
4046,f,6/18/2016,Spring,18-Jun,11535.86319
4046,f,6/19/2016,Spring,19-Jun,5578.873764
4046,f,6/20/2016,Spring,20-Jun,6252.314879
4046,f,6/21/2016,Spring,21-Jun,9951.55675
4046,f,6/22/2016,Summer,22-Jun,9115.265915
4046,f,6/23/2016,Summer,23-Jun,11894.50555
4046,f,6/24/2016,Summer,24-Jun,10046.00476
4046,f,6/25/2016,Summer,25-Jun,8313.364956
4046,f,6/26/2016,Summer,26-Jun,13760.97066
4046,f,6/27/2016,Summer,27-Jun,5555.78637
4046,f,6/28/2016,Summer,28-Jun,9072.795747
4046,f,6/29/2016,Summer,29-Jun,7079.7069
4046,f,6/30/2016,Summer,30-Jun,10652.11712
4046,f,7/1/2016,Summer,1-Jul,7901.484432
4046,f,7/2/2016,Summer,2-Jul,8588.372833
4046,f,7/3/2016,Summer,3-Jul,7710.257548
4046,f,7/4/2016,Summer,4-Jul,6523.880467
4046,f,7/5/2016,Summer,5-Jul,8128.489916
4046,f,7/6/2016,Summer,6-Jul,14078.96189
4046,f,7/7/2016,Summer,7-Jul,5450.726614
4046,f,7/8/2016,Summer,8-Jul,12558.06732
4046,f,7/9/2016,Summer,9-Jul,5352.233223
4046,f,7/10/2016,Summer,10-Jul,9334.787395
4046,f,7/11/2016,Summer,11-Jul,7032.801505
4046,f,7/12/2016,Summer,12-Jul,12608.96618
4046,f,7/13/2016,Summer,13-Jul,8960.308182
4046,f,7/14/2016,Summer,14-Jul,9425.015023
4046,f,7/15/2016,Summer,15-Jul,9997.689868
4046,f,7/16/2016,Summer,16-Jul,7601.998907
4046,f,7/17/2016,Summer,17-Jul,9038.73376
4046,f,7/18/2016,Summer,18-Jul,9208.961945
4046,f,7/19/2016,Summer,19-Jul,6549.378462
4046,f,7/20/2016,Summer,20-Jul,8684.800899
4046,f,7/21/2016,Summer,21-Jul,6491.712677
4046,f,7/22/2016,Summer,22-Jul,9002.703111
4046,f,7/23/2016,Summer,23-Jul,6955.379591
4046,f,7/24/2016,Summer,24-Jul,12493.46979
4046,f,7/25/2016,Summer,25-Jul,7130.312906
4046,f,7/26/2016,Summer,26-Jul,10825.22308
4046,f,7/27/2016,Summer,27-Jul,8516.797326
4046,f,7/28/2016,Summer,28-Jul,7000.360456
4046,f,7/29/2016,Summer,29-Jul,6993.074666
4046,f,7/30/2016,Summer,30-Jul,7665.454189
4046,f,7/31/2016,Summer,31-Jul,7507.325093
4046,f,8/1/2016,Summer,1-Aug,8937.470704
4046,f,8/2/2016,Summer,2-Aug,11573.95072
4046,f,8/3/2016,Summer,3-Aug,5567.971499
4046,f,8/4/2016,Summer,4-Aug,9690.838729
4046,f,8/5/2016,Summer,5-Aug,12871.83986
4046,f,8/6/2016,Summer,6-Aug,11970.60119
4046,f,8/7/2016,Summer,7-Aug,9972.663766
4046,f,8/8/2016,Summer,8-Aug,10970.17513
4046,f,8/9/2016,Summer,9-Aug,6415.805949
4046,f,8/10/2016,Summer,10-Aug,8227.643475
4046,f,8/11/2016,Summer,11-Aug,6208.131156
4846,m,7/9/2016,Summer,9-Jul,5491.750076
4846,m,7/10/2016,Summer,10-Jul,7061.975549
4846,m,7/11/2016,Summer,11-Jul,7691.280342
4846,m,7/12/2016,Summer,12-Jul,9793.0014
4846,m,7/13/2016,Summer,13-Jul,9468.193519
4846,m,7/14/2016,Summer,14-Jul,7914.702519
4846,m,7/15/2016,Summer,15-Jul,11884.42158
4846,m,7/16/2016,Summer,16-Jul,12547.70539
4846,m,7/17/2016,Summer,17-Jul,8247.698406
4846,m,7/18/2016,Summer,18-Jul,7577.899119
4846,m,7/19/2016,Summer,19-Jul,9039.506
4846,m,7/20/2016,Summer,20-Jul,9783.837958
4846,m,7/21/2016,Summer,21-Jul,6198.570467
4846,m,7/22/2016,Summer,22-Jul,5461.347728
4846,m,7/23/2016,Summer,23-Jul,9284.769918
4846,m,7/24/2016,Summer,24-Jul,9497.483915
4846,m,7/25/2016,Summer,25-Jul,10366.31481
4846,m,7/26/2016,Summer,26-Jul,8071.969554
4846,m,7/27/2016,Summer,27-Jul,9885.669475
4846,m,7/28/2016,Summer,28-Jul,2826.051561
4848,f,12/13/2016,Autumn,13-Dec,4945.126039
4848,f,12/14/2016,Autumn,14-Dec,6800.588384
4848,f,12/15/2016,Autumn,15-Dec,7349.159673
4848,f,12/16/2016,Autumn,16-Dec,6044.061107
4848,f,12/17/2016,Autumn,17-Dec,9271.020202
4848,f,12/18/2016,Autumn,18-Dec,5341.624027
4848,f,12/19/2016,Autumn,19-Dec,4952.713807
4848,f,12/20/2016,Autumn,20-Dec,9609.10901
4848,f,12/21/2016,Autumn,21-Dec,7814.022271
4848,f,12/22/2016,Winter,22-Dec,10014.55818
4848,f,12/23/2016,Winter,23-Dec,9687.81571
4848,f,12/24/2016,Winter,24-Dec,10734.1474
4848,f,12/25/2016,Winter,25-Dec,5727.380873
4848,f,12/26/2016,Winter,26-Dec,11737.19405
4848,f,12/27/2016,Winter,27-Dec,10379.77567
4848,f,12/28/2016,Winter,28-Dec,10103.86821
4848,f,12/29/2016,Winter,29-Dec,6500.940608
4848,f,12/30/2016,Winter,30-Dec,10393.13574
4848,f,12/31/2016,Winter,31-Dec,12450.76372
4848,f,1/1/2017,Winter,1-Jan,11871.53694
4848,f,1/2/2017,Winter,2-Jan,10647.05544
4848,f,1/3/2017,Winter,3-Jan,5999.937818
4848,f,1/4/2017,Winter,4-Jan,4946.310706
4848,f,1/5/2017,Winter,5-Jan,4611.880765
4848,f,1/6/2017,Winter,6-Jan,4950.663518
4848,f,1/7/2017,Winter,7-Jan,3409.099594
4848,f,1/8/2017,Winter,8-Jan,7797.124975
4848,f,1/9/2017,Winter,9-Jan,4894.874815
4848,f,1/10/2017,Winter,10-Jan,5476.329438
4848,f,1/11/2017,Winter,11-Jan,8610.818931
4848,f,1/12/2017,Winter,12-Jan,5035.106146
4848,f,1/13/2017,Winter,13-Jan,10142.26798
4848,f,1/14/2017,Winter,14-Jan,13556.03383
4848,f,1/15/2017,Winter,15-Jan,13296.17932
4848,f,1/16/2017,Winter,16-Jan,6813.689291
4848,f,1/17/2017,Winter,17-Jan,4619.718107
4848,f,1/18/2017,Winter,18-Jan,3168.122511
4848,f,1/19/2017,Winter,19-Jan,3524.970759
4848,f,1/20/2017,Winter,20-Jan,7590.963397
4848,f,1/21/2017,Winter,21-Jan,6655.382179
4848,f,1/22/2017,Winter,22-Jan,6292.711768
4848,f,1/23/2017,Winter,23-Jan,6770.840536
4848,f,1/24/2017,Winter,24-Jan,5949.315515
4848,f,1/25/2017,Winter,25-Jan,4309.696555
4848,f,1/26/2017,Winter,26-Jan,10677.09289
4848,f,1/27/2017,Winter,27-Jan,5669.226634
4848,f,1/28/2017,Winter,28-Jan,9365.749223
4848,f,1/29/2017,Winter,29-Jan,8517.662551
4848,f,1/30/2017,Winter,30-Jan,10545.89068
4848,f,1/31/2017,Winter,31-Jan,4720.986716
4848,f,2/1/2017,Winter,1-Feb,9295.938586
4848,f,2/2/2017,Winter,2-Feb,7184.717861
4848,f,2/3/2017,Winter,3-Feb,7831.35746
4848,f,2/4/2017,Winter,4-Feb,8503.36567
4848,f,2/5/2017,Winter,5-Feb,4286.305411
4848,f,2/6/2017,Winter,6-Feb,9322.096545
4848,f,2/7/2017,Winter,7-Feb,4942.171862
4848,f,2/8/2017,Winter,8-Feb,5672.034103
4848,f,2/9/2017,Winter,9-Feb,5253.549535
4848,f,2/10/2017,Winter,10-Feb,8163.223388
4848,f,2/11/2017,Winter,11-Feb,7075.413072
4848,f,2/12/2017,Winter,12-Feb,3500.758661
4848,f,2/13/2017,Winter,13-Feb,6573.682474
4848,f,2/14/2017,Winter,14-Feb,6278.707467
4848,f,2/15/2017,Winter,15-Feb,5336.002321
4848,f,2/16/2017,Winter,16-Feb,9559.952991
4848,f,2/17/2017,Winter,17-Feb,4668.610326
4848,f,2/18/2017,Winter,18-Feb,7618.109023
4848,f,2/19/2017,Winter,19-Feb,8119.067317
4848,f,2/20/2017,Winter,20-Feb,5911.309786
4848,f,2/21/2017,Winter,21-Feb,10690.85369
4848,f,2/22/2017,Winter,22-Feb,11069.39606
4848,f,2/23/2017,Winter,23-Feb,8531.423456
4848,f,2/24/2017,Winter,24-Feb,4884.211141
4848,f,2/25/2017,Winter,25-Feb,7751.54433
4848,f,2/26/2017,Winter,26-Feb,9741.877794
4848,f,2/27/2017,Winter,27-Feb,2899.129958
4848,f,2/28/2017,Winter,28-Feb,9114.276686
4848,f,3/1/2017,Winter,1-Mar,9180.765584
4848,f,3/2/2017,Winter,2-Mar,5185.981811
4848,f,3/3/2017,Winter,3-Mar,4794.181271
4848,f,3/4/2017,Winter,4-Mar,4651.331029
4848,f,3/5/2017,Winter,5-Mar,4398.614494
4848,f,3/6/2017,Winter,6-Mar,6193.384276
4848,f,3/7/2017,Winter,7-Mar,8466.657859
4848,f,3/8/2017,Winter,8-Mar,6070.001952
4848,f,3/9/2017,Winter,9-Mar,5405.55286
4848,f,3/10/2017,Winter,10-Mar,6644.112671
4848,f,3/11/2017,Winter,11-Mar,4612.617807
4848,f,3/12/2017,Winter,12-Mar,5909.769723
4848,f,3/13/2017,Winter,13-Mar,7340.235867
4848,f,3/14/2017,Winter,14-Mar,3492.916112
4848,f,3/15/2017,Winter,15-Mar,4413.070612
4848,f,3/16/2017,Winter,16-Mar,7506.906461
4848,f,3/17/2017,Winter,17-Mar,2963.273923
4848,f,3/18/2017,Winter,18-Mar,6901.065508
4848,f,3/19/2017,Winter,19-Mar,10898.95633
4848,f,3/20/2017,Winter,20-Mar,8969.616096
4848,f,3/21/2017,Spring,21-Mar,7611.406627
4848,f,3/22/2017,Spring,22-Mar,8269.672121
4848,f,3/23/2017,Spring,23-Mar,4342.416003
4848,f,3/24/2017,Spring,24-Mar,9660.202305
4848,f,3/25/2017,Spring,25-Mar,13179.24137
4848,f,3/26/2017,Spring,26-Mar,9768.165171
4848,f,3/27/2017,Spring,27-Mar,8497.523774
4848,f,3/28/2017,Spring,28-Mar,7599.697009
4848,f,3/29/2017,Spring,29-Mar,7803.234262
4848,f,3/30/2017,Spring,30-Mar,5497.50066
4848,f,3/31/2017,Spring,31-Mar,9130.699949
4848,f,4/1/2017,Spring,1-Apr,7401.327934
4848,f,4/2/2017,Spring,2-Apr,10752.9634
4848,f,4/3/2017,Spring,3-Apr,6483.422317
4848,f,4/4/2017,Spring,4-Apr,5555.873712
4848,f,4/5/2017,Spring,5-Apr,6999.676144
4848,f,4/6/2017,Spring,6-Apr,8907.462823
4848,f,4/7/2017,Spring,7-Apr,10603.35955
4848,f,4/8/2017,Spring,8-Apr,8986.378447
4848,f,4/9/2017,Spring,9-Apr,9813.62077
4848,f,4/10/2017,Spring,10-Apr,11458.97638
4848,f,4/11/2017,Spring,11-Apr,9659.099164
4848,f,4/12/2017,Spring,12-Apr,12909.55426
4848,f,4/13/2017,Spring,13-Apr,13533.60001
4848,f,4/14/2017,Spring,14-Apr,9750.284207
4848,f,4/15/2017,Spring,15-Apr,13475.12735
4848,f,4/16/2017,Spring,16-Apr,8426.830762
4848,f,4/17/2017,Spring,17-Apr,6977.105839
4848,f,4/18/2017,Spring,18-Apr,7180.578337
4848,f,4/19/2017,Spring,19-Apr,7418.877831
4848,f,4/20/2017,Spring,20-Apr,8572.568372
4848,f,4/21/2017,Spring,21-Apr,8780.835696
4848,f,4/22/2017,Spring,22-Apr,9618.826244
4848,f,4/23/2017,Spring,23-Apr,8539.97338
4848,f,4/24/2017,Spring,24-Apr,10471.14628
4848,f,4/25/2017,Spring,25-Apr,7729.489044
4848,f,4/26/2017,Spring,26-Apr,9326.210285
4848,f,4/27/2017,Spring,27-Apr,7066.229317
4848,f,4/28/2017,Spring,28-Apr,10045.74505
4848,f,4/29/2017,Spring,29-Apr,10679.00862
4848,f,4/30/2017,Spring,30-Apr,7474.05953
4848,f,5/1/2017,Spring,1-May,11741.45506
4848,f,5/2/2017,Spring,2-May,11701.16329
4848,f,5/3/2017,Spring,3-May,11691.52957
4848,f,5/4/2017,Spring,4-May,4473.891635
5158,NULL,6/8/2016,Spring,8-Jun,1696.356844
5158,NULL,6/9/2016,Spring,9-Jun,2545.845193
5158,NULL,6/10/2016,Spring,10-Jun,2118.258695
5158,NULL,6/11/2016,Spring,11-Jun,1866.933065
5158,NULL,6/12/2016,Spring,12-Jun,1822.299235
5158,NULL,6/13/2016,Spring,13-Jun,3042.297665
5158,NULL,6/14/2016,Spring,14-Jun,2192.567317
5158,NULL,6/15/2016,Spring,15-Jun,2407.047977
5158,NULL,6/16/2016,Spring,16-Jun,2042.117182
5158,NULL,6/17/2016,Spring,17-Jun,2050.928508
5158,NULL,6/18/2016,Spring,18-Jun,3415.513796
5158,NULL,6/19/2016,Spring,19-Jun,3478.180065
5158,NULL,6/20/2016,Spring,20-Jun,4073.832233
5158,NULL,6/21/2016,Spring,21-Jun,4414.124601
5158,NULL,6/22/2016,Summer,22-Jun,5043.426113
5158,NULL,6/23/2016,Summer,23-Jun,4676.102889
5158,NULL,6/24/2016,Summer,24-Jun,5422.416004
5158,NULL,6/25/2016,Summer,25-Jun,5225.132598
5158,NULL,6/26/2016,Summer,26-Jun,7549.98296
5158,NULL,6/27/2016,Summer,27-Jun,2730.997365
5158,NULL,6/28/2016,Summer,28-Jun,5432.291257
5158,NULL,6/29/2016,Summer,29-Jun,4132.353625
5158,NULL,6/30/2016,Summer,30-Jun,3871.775124
5158,NULL,7/1/2016,Summer,1-Jul,4271.989305
5158,NULL,7/2/2016,Summer,2-Jul,6968.59947
5158,NULL,7/3/2016,Summer,3-Jul,6019.164946
5158,NULL,7/4/2016,Summer,4-Jul,5007.697544
5158,NULL,7/5/2016,Summer,5-Jul,6061.464195
5158,NULL,7/6/2016,Summer,6-Jul,5902.631307
5158,NULL,7/7/2016,Summer,7-Jul,5056.439267
5158,NULL,7/8/2016,Summer,8-Jul,4792.596373
5158,NULL,7/9/2016,Summer,9-Jul,4137.637576
5158,NULL,7/10/2016,Summer,10-Jul,6650.627808
5158,NULL,7/11/2016,Summer,11-Jul,3059.398367
5158,NULL,7/12/2016,Summer,12-Jul,4235.946084
5158,NULL,7/13/2016,Summer,13-Jul,4895.623831
5158,NULL,7/14/2016,Summer,14-Jul,5738.210954
5158,NULL,7/15/2016,Summer,15-Jul,5220.452641
5158,NULL,7/16/2016,Summer,16-Jul,5786.788229
5158,NULL,7/17/2016,Summer,17-Jul,5461.129113
5158,NULL,7/18/2016,Summer,18-Jul,5336.447969
5158,NULL,7/19/2016,Summer,19-Jul,5634.596249
5158,NULL,7/20/2016,Summer,20-Jul,5373.408118
5158,NULL,7/21/2016,Summer,21-Jul,4817.663504
5158,NULL,7/22/2016,Summer,22-Jul,4941.690341
5158,NULL,7/23/2016,Summer,23-Jul,6580.412756
5158,NULL,7/24/2016,Summer,24-Jul,5610.940456
5158,NULL,7/25/2016,Summer,25-Jul,4961.960159
5158,NULL,7/26/2016,Summer,26-Jul,4936.999056
5158,NULL,7/27/2016,Summer,27-Jul,5278.561895
5158,NULL,7/28/2016,Summer,28-Jul,4330.15125
5158,NULL,7/29/2016,Summer,29-Jul,4764.907335
5158,NULL,7/30/2016,Summer,30-Jul,7102.799551
5158,NULL,7/31/2016,Summer,31-Jul,6470.952101
5158,NULL,8/1/2016,Summer,1-Aug,5085.335998
5158,NULL,8/2/2016,Summer,2-Aug,5740.921962
5158,NULL,8/3/2016,Summer,3-Aug,5422.941192
5158,NULL,8/4/2016,Summer,4-Aug,2345.395281
5158,NULL,8/5/2016,Summer,5-Aug,4794.214064
5158,NULL,8/6/2016,Summer,6-Aug,4680.311168
5158,NULL,8/7/2016,Summer,7-Aug,7306.558456
5158,NULL,8/8/2016,Summer,8-Aug,5674.201954
5158,NULL,8/9/2016,Summer,9-Aug,4874.171211
5158,NULL,8/10/2016,Summer,10-Aug,6647.954069
5158,NULL,8/11/2016,Summer,11-Aug,6341.089201
5159,f,6/11/2016,Spring,11-Jun,7175.582694
5159,f,6/12/2016,Spring,12-Jun,9743.153216
5159,f,6/13/2016,Spring,13-Jun,11676.51811
5159,f,6/14/2016,Spring,14-Jun,8247.709437
