,tag_ident,Gender,arbDate,Distance,season,day-month
0,1292,f,5/22/2014,747.9515972,Spring,22-May
1,1292,f,5/23/2014,3906.701952,Spring,23-May
2,1292,f,5/24/2014,4696.490797,Spring,24-May
3,1292,f,5/25/2014,2450.894188,Spring,25-May
4,1750,f,5/15/2011,568.8939969,Spring,15-May
5,1750,f,5/16/2011,951.2636492,Spring,16-May
6,1750,f,5/17/2011,1085.838412,Spring,17-May
7,1750,f,5/18/2011,1263.261878,Spring,18-May
8,1750,f,5/19/2011,654.9646488,Spring,19-May
9,1750,f,5/20/2011,1509.011267,Spring,20-May
10,1750,f,5/21/2011,1507.183365,Spring,21-May
11,1750,f,5/22/2011,1483.450683,Spring,22-May
12,1750,f,5/23/2011,1647.735426,Spring,23-May
13,1750,f,5/24/2011,2385.963843,Spring,24-May
14,1750,f,5/25/2011,2088.740446,Spring,25-May
15,1750,f,5/26/2011,4520.164027,Spring,26-May
16,1750,f,5/27/2011,1270.565304,Spring,27-May
17,1750,f,5/28/2011,1952.995531,Spring,28-May
18,1750,f,5/29/2011,6267.093267,Spring,29-May
19,1750,f,5/30/2011,3939.048462,Spring,30-May
20,1750,f,5/31/2011,3533.926849,Spring,31-May
21,1750,f,6/1/2011,1408.163355,Spring,1-Jun
22,1750,f,6/2/2011,4508.596279,Spring,2-Jun
23,1750,f,6/3/2011,3870.106339,Spring,3-Jun
24,1750,f,6/4/2011,2604.013904,Spring,4-Jun
25,1750,f,6/5/2011,6755.952063,Spring,5-Jun
26,1750,f,6/6/2011,2568.171256,Spring,6-Jun
27,1750,f,6/7/2011,2957.02026,Spring,7-Jun
28,1750,f,6/8/2011,10112.02322,Spring,8-Jun
29,1750,f,6/9/2011,5157.471628,Spring,9-Jun
30,1750,f,6/10/2011,6997.255336,Spring,10-Jun
31,1750,f,6/11/2011,3736.117278,Spring,11-Jun
32,1750,f,6/12/2011,2828.735215,Spring,12-Jun
33,1750,f,6/13/2011,1200.131971,Spring,13-Jun
34,1750,f,6/14/2011,6805.433376,Spring,14-Jun
35,1750,f,6/15/2011,11713.00229,Spring,15-Jun
36,1750,f,6/16/2011,2683.984881,Spring,16-Jun
37,1750,f,6/17/2011,925.8779625,Spring,17-Jun
38,1751,m,6/3/2011,819.7505867,Spring,3-Jun
39,1751,m,6/4/2011,934.5301252,Spring,4-Jun
40,1751,m,6/5/2011,631.7944922,Spring,5-Jun
41,1751,m,6/6/2011,1084.739959,Spring,6-Jun
42,1751,m,6/7/2011,1843.469567,Spring,7-Jun
43,1751,m,6/8/2011,3520.028287,Spring,8-Jun
44,1751,m,6/9/2011,2942.709366,Spring,9-Jun
45,1751,m,6/10/2011,1943.631718,Spring,10-Jun
46,1751,m,6/11/2011,3047.186433,Spring,11-Jun
47,1751,m,6/12/2011,4431.024003,Spring,12-Jun
48,1751,m,6/13/2011,3741.936679,Spring,13-Jun
49,1751,m,6/14/2011,1033.055527,Spring,14-Jun
50,1751,m,6/15/2011,3959.721871,Spring,15-Jun
51,1751,m,6/16/2011,2081.678473,Spring,16-Jun
52,1751,m,6/17/2011,3518.881463,Spring,17-Jun
53,1751,m,6/18/2011,1685.241363,Spring,18-Jun
54,1751,m,6/19/2011,3144.96796,Spring,19-Jun
55,1751,m,6/20/2011,2048.353434,Spring,20-Jun
56,1751,m,6/21/2011,988.051198,Spring,21-Jun
57,1751,m,6/22/2011,935.5317247,Summer,22-Jun
58,1751,m,6/23/2011,1217.995105,Summer,23-Jun
59,1751,m,6/24/2011,2619.426367,Summer,24-Jun
60,1751,m,6/25/2011,2131.076419,Summer,25-Jun
61,1751,m,6/26/2011,1108.509346,Summer,26-Jun
62,1751,m,6/27/2011,687.3100413,Summer,27-Jun
63,1751,m,6/28/2011,577.6414461,Summer,28-Jun
64,1751,m,6/29/2011,1411.389557,Summer,29-Jun
65,1751,m,6/30/2011,2163.406293,Summer,30-Jun
66,1751,m,7/1/2011,3238.371866,Summer,1-Jul
67,1751,m,7/2/2011,1146.871129,Summer,2-Jul
68,1751,m,7/3/2011,2374.2729,Summer,3-Jul
69,1751,m,7/4/2011,900.6613058,Summer,4-Jul
70,1753,f,5/19/2012,711.0814985,Spring,19-May
71,1753,f,5/20/2012,4636.076363,Spring,20-May
72,1753,f,5/21/2012,5383.424772,Spring,21-May
73,1753,f,5/22/2012,8968.254757,Spring,22-May
74,1753,f,5/23/2012,3267.284675,Spring,23-May
75,1753,f,5/24/2012,3415.484965,Spring,24-May
76,1753,f,5/25/2012,9957.354316,Spring,25-May
77,1753,f,5/26/2012,9825.257548,Spring,26-May
78,1753,f,5/27/2012,2789.89866,Spring,27-May
79,1753,f,5/28/2012,5124.500236,Spring,28-May
80,1753,f,5/29/2012,7827.9054,Spring,29-May
81,1753,f,5/30/2012,1300.412869,Spring,30-May
82,1753,f,5/31/2012,2963.508528,Spring,31-May
83,1753,f,6/1/2012,3587.192501,Spring,1-Jun
84,1753,f,6/2/2012,3929.69438,Spring,2-Jun
85,1753,f,6/3/2012,3365.506403,Spring,3-Jun
86,1753,f,6/4/2012,9588.620694,Spring,4-Jun
87,1753,f,6/5/2012,9172.330271,Spring,5-Jun
88,1753,f,6/6/2012,9276.397475,Spring,6-Jun
89,1753,f,6/7/2012,1341.592946,Spring,7-Jun
90,1753,f,6/8/2012,8572.993534,Spring,8-Jun
91,1753,f,6/9/2012,10833.6949,Spring,9-Jun
92,1753,f,6/10/2012,5908.700273,Spring,10-Jun
93,1753,f,6/11/2012,1964.463907,Spring,11-Jun
94,1753,f,6/12/2012,12153.68568,Spring,12-Jun
95,1753,f,6/13/2012,11694.51249,Spring,13-Jun
96,1753,f,6/14/2012,12732.20409,Spring,14-Jun
97,1753,f,6/15/2012,2413.291484,Spring,15-Jun
98,1753,f,6/16/2012,11373.78893,Spring,16-Jun
99,1753,f,6/17/2012,8867.168483,Spring,17-Jun
100,1753,f,6/18/2012,6975.300293,Spring,18-Jun
101,1753,f,6/19/2012,8626.860877,Spring,19-Jun
102,1753,f,6/20/2012,7391.627978,Spring,20-Jun
103,1753,f,6/21/2012,7434.864038,Spring,21-Jun
104,1753,f,6/22/2012,7681.798023,Summer,22-Jun
105,1753,f,6/23/2012,9884.927031,Summer,23-Jun
106,1753,f,6/24/2012,5245.034023,Summer,24-Jun
107,1753,f,6/25/2012,4909.443934,Summer,25-Jun
108,1753,f,6/26/2012,6428.158577,Summer,26-Jun
109,1753,f,6/27/2012,4530.586784,Summer,27-Jun
110,1753,f,6/28/2012,8374.542499,Summer,28-Jun
111,1753,f,6/29/2012,4882.748812,Summer,29-Jun
112,1753,f,6/30/2012,11216.61794,Summer,30-Jun
113,1753,f,7/1/2012,6430.991152,Summer,1-Jul
114,1753,f,7/2/2012,4852.668319,Summer,2-Jul
115,1753,f,7/3/2012,8280.770491,Summer,3-Jul
116,1753,f,7/4/2012,8434.791555,Summer,4-Jul
117,1753,f,7/5/2012,3479.012648,Summer,5-Jul
118,1753,f,7/6/2012,9721.652303,Summer,6-Jul
119,1753,f,7/7/2012,6048.899795,Summer,7-Jul
120,1753,f,7/8/2012,12318.81031,Summer,8-Jul
121,1753,f,7/9/2012,7981.43637,Summer,9-Jul
122,1753,f,7/10/2012,8995.194165,Summer,10-Jul
123,1753,f,7/11/2012,6367.535169,Summer,11-Jul
124,1753,f,7/12/2012,5510.65307,Summer,12-Jul
125,1753,f,7/13/2012,4043.898913,Summer,13-Jul
126,1753,f,7/14/2012,3621.819011,Summer,14-Jul
127,1753,f,7/15/2012,11528.34092,Summer,15-Jul
128,1753,f,7/16/2012,1708.108834,Summer,16-Jul
129,1753,f,7/17/2012,8091.579873,Summer,17-Jul
130,1753,f,7/18/2012,12196.28372,Summer,18-Jul
131,1753,f,7/19/2012,7767.348174,Summer,19-Jul
132,1753,f,7/20/2012,11643.88191,Summer,20-Jul
133,1753,f,7/21/2012,7317.307724,Summer,21-Jul
134,1753,f,7/22/2012,7845.714462,Summer,22-Jul
135,1753,f,7/23/2012,2295.346411,Summer,23-Jul
136,1753,f,7/24/2012,5781.708592,Summer,24-Jul
137,1753,f,7/25/2012,6003.404588,Summer,25-Jul
138,1753,f,7/26/2012,6432.91855,Summer,26-Jul
139,1753,f,7/27/2012,3147.18121,Summer,27-Jul
140,1753,f,7/28/2012,4904.274293,Summer,28-Jul
141,1753,f,7/29/2012,9923.651379,Summer,29-Jul
142,1753,f,7/30/2012,3294.861984,Summer,30-Jul
143,1753,f,7/31/2012,7225.57765,Summer,31-Jul
144,1753,f,8/1/2012,6217.980349,Summer,1-Aug
145,1753,f,8/2/2012,5234.189127,Summer,2-Aug
146,1753,f,8/3/2012,5401.68413,Summer,3-Aug
147,1753,f,8/4/2012,10472.69248,Summer,4-Aug
148,1753,f,8/5/2012,2791.04485,Summer,5-Aug
149,1753,f,8/6/2012,3386.894349,Summer,6-Aug
150,1753,f,8/7/2012,3524.883416,Summer,7-Aug
151,1753,f,8/8/2012,4351.381821,Summer,8-Aug
152,1753,f,8/9/2012,4188.970861,Summer,9-Aug
153,1753,f,8/10/2012,3838.890597,Summer,10-Aug
154,1753,f,8/11/2012,4814.857389,Summer,11-Aug
155,1753,f,8/12/2012,3468.033875,Summer,12-Aug
156,1753,f,8/13/2012,8296.507077,Summer,13-Aug
157,1753,f,8/14/2012,3295.107265,Summer,14-Aug
158,1753,f,8/15/2012,3571.304858,Summer,15-Aug
159,1753,f,8/16/2012,4343.377856,Summer,16-Aug
160,1753,f,8/17/2012,3390.579273,Summer,17-Aug
161,1753,f,8/18/2012,2938.817659,Summer,18-Aug
162,1753,f,8/19/2012,4545.683067,Summer,19-Aug
163,1753,f,8/20/2012,2888.834515,Summer,20-Aug
164,1753,f,8/21/2012,3119.248122,Summer,21-Aug
165,1753,f,8/22/2012,4758.408937,Summer,22-Aug
166,1753,f,8/23/2012,4423.236865,Summer,23-Aug
167,1753,f,8/24/2012,1717.544306,Summer,24-Aug
168,1753,f,8/25/2012,6497.836445,Summer,25-Aug
169,1753,f,8/26/2012,4662.409,Summer,26-Aug
170,1753,f,8/27/2012,3815.480618,Summer,27-Aug
171,1753,f,8/28/2012,917.1264588,Summer,28-Aug
172,1753,f,8/29/2012,4670.856123,Summer,29-Aug
173,1753,f,8/30/2012,2051.501497,Summer,30-Aug
174,1753,f,8/31/2012,1542.336888,Summer,31-Aug
175,1753,f,9/1/2012,4042.701595,Summer,1-Sep
176,1753,f,9/2/2012,1259.296315,Summer,2-Sep
177,1753,f,9/3/2012,567.7344003,Summer,3-Sep
178,1753,f,9/4/2012,3061.147713,Summer,4-Sep
179,1753,f,9/5/2012,4911.954696,Summer,5-Sep
180,1753,f,9/6/2012,7124.577459,Summer,6-Sep
181,1753,f,9/7/2012,3924.379107,Summer,7-Sep
182,1753,f,9/8/2012,7774.207894,Summer,8-Sep
183,1753,f,9/9/2012,2814.522731,Summer,9-Sep
184,1753,f,9/10/2012,1698.748723,Summer,10-Sep
185,1753,f,9/11/2012,2518.021614,Summer,11-Sep
186,1753,f,9/12/2012,5615.294852,Summer,12-Sep
187,1753,f,9/13/2012,4592.797119,Summer,13-Sep
188,1753,f,9/14/2012,3399.646854,Summer,14-Sep
189,1753,f,9/15/2012,2502.771827,Summer,15-Sep
190,1753,f,9/16/2012,5621.279417,Summer,16-Sep
191,1753,f,9/17/2012,3903.306512,Summer,17-Sep
192,1753,f,9/18/2012,4144.888568,Summer,18-Sep
193,1753,f,9/19/2012,1572.404637,Summer,19-Sep
194,1753,f,9/20/2012,5326.947552,Summer,20-Sep
195,1753,f,9/21/2012,7088.801466,Autumn,21-Sep
196,1753,f,9/22/2012,9854.566991,Autumn,22-Sep
197,1753,f,9/23/2012,6069.671062,Autumn,23-Sep
198,1753,f,9/24/2012,1173.912115,Autumn,24-Sep
199,1753,f,9/25/2012,3487.096476,Autumn,25-Sep
200,1753,f,9/26/2012,8038.2712,Autumn,26-Sep
201,1753,f,9/27/2012,4215.215646,Autumn,27-Sep
202,1753,f,9/28/2012,5104.008936,Autumn,28-Sep
203,1753,f,9/29/2012,10039.33228,Autumn,29-Sep
204,1753,f,9/30/2012,5339.28802,Autumn,30-Sep
205,1753,f,10/1/2012,10574.1095,Autumn,1-Oct
206,1753,f,10/2/2012,5804.226121,Autumn,2-Oct
207,1753,f,10/3/2012,3172.352348,Autumn,3-Oct
208,1753,f,10/4/2012,2142.40434,Autumn,4-Oct
209,1753,f,10/5/2012,3077.493325,Autumn,5-Oct
210,1753,f,10/6/2012,4207.299835,Autumn,6-Oct
211,1753,f,10/7/2012,5330.493245,Autumn,7-Oct
212,1753,f,10/8/2012,7140.011933,Autumn,8-Oct
213,1753,f,10/9/2012,5764.542788,Autumn,9-Oct
214,1753,f,10/10/2012,4708.868871,Autumn,10-Oct
215,1753,f,10/11/2012,4489.830248,Autumn,11-Oct
216,1753,f,10/12/2012,9412.334498,Autumn,12-Oct
217,1753,f,10/13/2012,2958.130039,Autumn,13-Oct
218,1753,f,10/14/2012,6703.641233,Autumn,14-Oct
219,1753,f,10/15/2012,5941.565326,Autumn,15-Oct
220,1753,f,10/16/2012,6891.661636,Autumn,16-Oct
221,1753,f,10/17/2012,8120.691027,Autumn,17-Oct
222,1753,f,10/18/2012,2919.998786,Autumn,18-Oct
223,1753,f,10/19/2012,3889.135589,Autumn,19-Oct
224,1753,f,10/20/2012,4542.268296,Autumn,20-Oct
225,1753,f,10/21/2012,3004.213235,Autumn,21-Oct
226,1753,f,10/22/2012,7881.646444,Autumn,22-Oct
227,1753,f,10/23/2012,5015.837216,Autumn,23-Oct
228,1753,f,10/24/2012,3475.284926,Autumn,24-Oct
229,1753,f,10/25/2012,4510.297589,Autumn,25-Oct
230,1753,f,10/26/2012,9080.174586,Autumn,26-Oct
231,1753,f,10/27/2012,3151.321385,Autumn,27-Oct
232,1753,f,10/28/2012,11062.24887,Autumn,28-Oct
233,1753,f,10/29/2012,1548.727009,Autumn,29-Oct
234,1753,f,10/30/2012,6483.491572,Autumn,30-Oct
235,1753,f,10/31/2012,4662.269883,Autumn,31-Oct
236,1753,f,11/1/2012,2905.381585,Autumn,1-Nov
237,1753,f,11/2/2012,2692.299598,Autumn,2-Nov
238,1753,f,11/3/2012,9804.764046,Autumn,3-Nov
239,1753,f,11/4/2012,9716.970616,Autumn,4-Nov
240,1753,f,11/5/2012,10358.39444,Autumn,5-Nov
241,1753,f,11/6/2012,770.3879159,Autumn,6-Nov
242,1753,f,11/7/2012,3974.852967,Autumn,7-Nov
243,1753,f,11/8/2012,1498.114722,Autumn,8-Nov
244,1753,f,11/9/2012,6040.885847,Autumn,9-Nov
245,1753,f,11/10/2012,3126.490562,Autumn,10-Nov
246,1753,f,11/11/2012,1426.515338,Autumn,11-Nov
247,1753,f,11/12/2012,3312.182994,Autumn,12-Nov
248,1753,f,11/13/2012,1502.869849,Autumn,13-Nov
249,1753,f,11/14/2012,3490.986476,Autumn,14-Nov
250,1753,f,11/15/2012,3519.814411,Autumn,15-Nov
251,1753,f,11/16/2012,2949.526302,Autumn,16-Nov
252,1753,f,11/17/2012,1756.757979,Autumn,17-Nov
253,1753,f,11/18/2012,3057.326247,Autumn,18-Nov
254,1753,f,11/19/2012,1822.648969,Autumn,19-Nov
255,1753,f,11/20/2012,6821.350876,Autumn,20-Nov
256,1753,f,11/21/2012,5806.426581,Autumn,21-Nov
257,1753,f,11/22/2012,2263.651627,Autumn,22-Nov
258,1753,f,11/23/2012,923.6834442,Autumn,23-Nov
259,1753,f,11/24/2012,6232.292817,Autumn,24-Nov
260,1753,f,11/25/2012,2426.907723,Autumn,25-Nov
261,1753,f,11/26/2012,1716.143492,Autumn,26-Nov
262,1753,f,11/27/2012,5945.251698,Autumn,27-Nov
263,1753,f,11/28/2012,9305.964402,Autumn,28-Nov
264,1753,f,11/29/2012,10278.18761,Autumn,29-Nov
265,1753,f,11/30/2012,6380.583185,Autumn,30-Nov
266,1753,f,12/1/2012,2431.181179,Autumn,1-Dec
267,1753,f,12/2/2012,4119.992237,Autumn,2-Dec
268,1753,f,12/3/2012,1418.307586,Autumn,3-Dec
269,1753,f,12/4/2012,3804.629502,Autumn,4-Dec
270,1753,f,12/5/2012,689.5209069,Autumn,5-Dec
271,1753,f,12/6/2012,2787.658068,Autumn,6-Dec
272,1753,f,12/7/2012,1780.967782,Autumn,7-Dec
273,1753,f,12/8/2012,4415.791486,Autumn,8-Dec
274,1753,f,12/9/2012,4031.500392,Autumn,9-Dec
275,1753,f,12/10/2012,6163.24802,Autumn,10-Dec
276,1753,f,12/11/2012,960.6746593,Autumn,11-Dec
277,1753,f,12/12/2012,4815.907673,Autumn,12-Dec
278,1753,f,12/13/2012,1683.603519,Autumn,13-Dec
279,1753,f,12/14/2012,1569.068406,Autumn,14-Dec
280,1753,f,12/15/2012,3431.863417,Autumn,15-Dec
281,1753,f,12/16/2012,1247.062762,Autumn,16-Dec
282,1753,f,12/17/2012,1160.089398,Autumn,17-Dec
283,1753,f,12/18/2012,683.8480609,Autumn,18-Dec
284,1753,f,12/19/2012,3461.594903,Autumn,19-Dec
285,1753,f,12/20/2012,1634.492263,Autumn,20-Dec
286,1753,f,12/21/2012,2431.102682,Autumn,21-Dec
287,1753,f,12/22/2012,1746.103071,Winter,22-Dec
288,1753,f,12/23/2012,647.2504294,Winter,23-Dec
289,1753,f,12/24/2012,4272.513722,Winter,24-Dec
290,1753,f,12/25/2012,591.170342,Winter,25-Dec
291,1753,f,12/26/2012,1227.834944,Winter,26-Dec
292,1753,f,12/27/2012,5772.80992,Winter,27-Dec
293,1753,f,12/28/2012,4891.311558,Winter,28-Dec
294,1753,f,12/29/2012,3586.935053,Winter,29-Dec
295,1753,f,12/30/2012,3658.210817,Winter,30-Dec
296,1753,f,12/31/2012,1380.054236,Winter,31-Dec
297,1753,f,1/1/2013,2391.908641,Winter,1-Jan
298,1753,f,1/2/2013,6231.878308,Winter,2-Jan
299,1753,f,1/3/2013,607.4977844,Winter,3-Jan
300,1753,f,1/4/2013,1077.541897,Winter,4-Jan
301,1753,f,1/5/2013,2105.065586,Winter,5-Jan
302,1753,f,1/6/2013,1565.748723,Winter,6-Jan
303,1753,f,1/7/2013,3233.038209,Winter,7-Jan
304,1753,f,1/8/2013,3536.887348,Winter,8-Jan
305,1753,f,1/9/2013,1401.812929,Winter,9-Jan
306,1753,f,1/10/2013,890.79406,Winter,10-Jan
307,1753,f,1/11/2013,1207.85218,Winter,11-Jan
308,1753,f,1/12/2013,3592.947095,Winter,12-Jan
309,1753,f,1/13/2013,3312.934644,Winter,13-Jan
310,1753,f,1/14/2013,5749.517873,Winter,14-Jan
311,1753,f,1/15/2013,3722.174902,Winter,15-Jan
312,1753,f,1/16/2013,3085.909137,Winter,16-Jan
313,1753,f,1/17/2013,1499.113391,Winter,17-Jan
314,1753,f,1/18/2013,2166.620889,Winter,18-Jan
315,1753,f,1/19/2013,7788.503651,Winter,19-Jan
316,1753,f,1/20/2013,4228.940892,Winter,20-Jan
317,1753,f,1/21/2013,2815.966003,Winter,21-Jan
318,1753,f,1/22/2013,6622.034373,Winter,22-Jan
319,1753,f,1/23/2013,2635.531638,Winter,23-Jan
320,1753,f,1/24/2013,2633.523279,Winter,24-Jan
321,1753,f,1/25/2013,6891.540298,Winter,25-Jan
322,1753,f,1/26/2013,4155.644987,Winter,26-Jan
323,1753,f,1/27/2013,4641.937375,Winter,27-Jan
324,1753,f,1/28/2013,4259.306859,Winter,28-Jan
325,1753,f,1/29/2013,4113.0584,Winter,29-Jan
326,1753,f,1/30/2013,6701.790456,Winter,30-Jan
327,1753,f,1/31/2013,66.46035358,Winter,31-Jan
328,1753,f,2/1/2013,1199.430072,Winter,1-Feb
329,1753,f,2/2/2013,6085.329517,Winter,2-Feb
330,1753,f,2/3/2013,1484.635084,Winter,3-Feb
331,1753,f,2/4/2013,9667.447132,Winter,4-Feb
332,1753,f,2/5/2013,2988.751275,Winter,5-Feb
333,1753,f,2/6/2013,2141.555295,Winter,6-Feb
334,1753,f,2/7/2013,3197.054954,Winter,7-Feb
335,1753,f,2/8/2013,4141.450194,Winter,8-Feb
336,1753,f,2/9/2013,6563.740259,Winter,9-Feb
337,1753,f,2/10/2013,3310.845817,Winter,10-Feb
338,1753,f,2/11/2013,1191.559701,Winter,11-Feb
339,1753,f,2/12/2013,4041.078089,Winter,12-Feb
340,1753,f,2/13/2013,1960.713339,Winter,13-Feb
341,1753,f,2/14/2013,1648.16284,Winter,14-Feb
342,1753,f,2/15/2013,857.6769173,Winter,15-Feb
343,1753,f,2/16/2013,2756.743496,Winter,16-Feb
344,1753,f,2/17/2013,7939.012209,Winter,17-Feb
345,1753,f,2/18/2013,5325.447299,Winter,18-Feb
346,1753,f,2/19/2013,1988.69554,Winter,19-Feb
347,1753,f,2/20/2013,7653.992483,Winter,20-Feb
348,1753,f,2/21/2013,1229.698587,Winter,21-Feb
349,1753,f,2/22/2013,5242.096948,Winter,22-Feb
350,1753,f,2/23/2013,5057.619359,Winter,23-Feb
351,1753,f,2/24/2013,2699.900235,Winter,24-Feb
352,1753,f,2/25/2013,4202.07787,Winter,25-Feb
353,1753,f,2/26/2013,4612.51602,Winter,26-Feb
354,1753,f,2/27/2013,3437.754692,Winter,27-Feb
355,1753,f,2/28/2013,5444.945657,Winter,28-Feb
356,1753,f,3/1/2013,5044.718244,Winter,1-Mar
357,1753,f,3/2/2013,1873.603942,Winter,2-Mar
358,1753,f,3/3/2013,6846.563264,Winter,3-Mar
359,1753,f,3/4/2013,3574.606752,Winter,4-Mar
360,1753,f,3/5/2013,1232.224428,Winter,5-Mar
361,1753,f,3/6/2013,1644.118987,Winter,6-Mar
362,1753,f,3/7/2013,718.4268557,Winter,7-Mar
363,1753,f,3/8/2013,1485.182907,Winter,8-Mar
364,1753,f,3/9/2013,3133.596043,Winter,9-Mar
365,1753,f,3/10/2013,1110.471603,Winter,10-Mar
366,1753,f,3/11/2013,709.3070796,Winter,11-Mar
367,1753,f,3/12/2013,599.5756451,Winter,12-Mar
368,1753,f,3/13/2013,700.8043423,Winter,13-Mar
369,1753,f,3/14/2013,235.0793967,Winter,14-Mar
370,1753,f,3/15/2013,801.9767454,Winter,15-Mar
371,1753,f,3/16/2013,718.2509011,Winter,16-Mar
372,1753,f,3/17/2013,1006.648352,Winter,17-Mar
373,1753,f,3/18/2013,494.8551238,Winter,18-Mar
374,1753,f,3/19/2013,14.59011133,Winter,19-Mar
375,1753,f,3/20/2013,211.4349052,Winter,20-Mar
376,1753,f,3/21/2013,40.71190981,Spring,21-Mar
377,1753,f,3/23/2013,0,Spring,23-Mar
378,1753,f,3/24/2013,23.92792051,Spring,24-Mar
379,1753,f,3/25/2013,3.417263956,Spring,25-Mar
380,1753,f,3/26/2013,0,Spring,26-Mar
381,1753,f,3/28/2013,0,Spring,28-Mar
382,1753,f,3/29/2013,0,Spring,29-Mar
383,1753,f,3/30/2013,0,Spring,30-Mar
384,1753,f,3/31/2013,107.0292313,Spring,31-Mar
385,1753,f,4/1/2013,316.3827962,Spring,1-Apr
386,1753,f,4/2/2013,171.8288562,Spring,2-Apr
387,1753,f,4/3/2013,10.97116124,Spring,3-Apr
388,1753,f,4/4/2013,0,Spring,4-Apr
389,1753,f,4/5/2013,159.5175456,Spring,5-Apr
390,1753,f,4/6/2013,131.9736314,Spring,6-Apr
391,1753,f,4/7/2013,111.1333486,Spring,7-Apr
392,1753,f,4/8/2013,22.26928703,Spring,8-Apr
393,1753,f,4/9/2013,75.73953248,Spring,9-Apr
394,1753,f,4/11/2013,170.758129,Spring,11-Apr
395,1753,f,4/12/2013,50.73851767,Spring,12-Apr
396,1753,f,4/13/2013,131.6426872,Spring,13-Apr
397,1753,f,4/14/2013,232.7106769,Spring,14-Apr
398,1753,f,4/15/2013,241.7424054,Spring,15-Apr
399,1753,f,4/16/2013,157.9285105,Spring,16-Apr
400,1753,f,4/19/2013,67.61561221,Spring,19-Apr
401,1753,f,4/20/2013,5.473903959,Spring,20-Apr
402,1753,f,4/21/2013,187.8626034,Spring,21-Apr
403,1753,f,4/22/2013,613.9851033,Spring,22-Apr
404,1753,f,4/23/2013,330.7893036,Spring,23-Apr
405,1753,f,4/24/2013,46.58408499,Spring,24-Apr
406,1753,f,4/25/2013,317.1044564,Spring,25-Apr
407,1753,f,4/26/2013,139.3537893,Spring,26-Apr
408,1753,f,4/27/2013,508.8463203,Spring,27-Apr
409,1753,f,4/28/2013,713.1703451,Spring,28-Apr
410,1753,f,4/29/2013,522.057878,Spring,29-Apr
411,1753,f,4/30/2013,425.3959875,Spring,30-Apr
412,1753,f,5/1/2013,1049.32766,Spring,1-May
413,1753,f,5/2/2013,448.9855989,Spring,2-May
414,1753,f,5/3/2013,1582.178638,Spring,3-May
415,1753,f,5/4/2013,1886.490294,Spring,4-May
416,1753,f,5/5/2013,1871.503492,Spring,5-May
417,1753,f,5/6/2013,1164.35313,Spring,6-May
418,1753,f,5/7/2013,453.2883169,Spring,7-May
419,1753,f,5/8/2013,1484.772296,Spring,8-May
420,1753,f,5/9/2013,1968.914712,Spring,9-May
421,1754,NULL,9/1/2012,0,Summer,1-Sep
422,1754,NULL,9/2/2012,499.5199965,Summer,2-Sep
423,1754,NULL,9/3/2012,381.8744254,Summer,3-Sep
424,1754,NULL,9/4/2012,469.5933424,Summer,4-Sep
425,1754,NULL,9/5/2012,1182.880192,Summer,5-Sep
426,1754,NULL,9/6/2012,1665.33165,Summer,6-Sep
427,1754,NULL,9/7/2012,879.0209391,Summer,7-Sep
428,1754,NULL,9/8/2012,991.4351718,Summer,8-Sep
429,1754,NULL,9/9/2012,1563.735935,Summer,9-Sep
430,1754,NULL,9/10/2012,305.6660162,Summer,10-Sep
431,1754,NULL,9/11/2012,303.9116574,Summer,11-Sep
432,1754,NULL,9/12/2012,1681.983072,Summer,12-Sep
433,1754,NULL,9/13/2012,2227.72894,Summer,13-Sep
434,1754,NULL,9/14/2012,2795.92639,Summer,14-Sep
435,1754,NULL,9/15/2012,6304.936433,Summer,15-Sep
436,1754,NULL,9/16/2012,2018.031901,Summer,16-Sep
437,1754,NULL,9/17/2012,639.1668065,Summer,17-Sep
438,1754,NULL,9/18/2012,462.3794237,Summer,18-Sep
439,1754,NULL,9/19/2012,502.1724397,Summer,19-Sep
440,1754,NULL,9/20/2012,172.0814305,Summer,20-Sep
441,3892,f,6/27/2014,7820.736445,Summer,27-Jun
442,3892,f,6/28/2014,5083.311862,Summer,28-Jun
443,3892,f,6/29/2014,4873.171731,Summer,29-Jun
444,3892,f,6/30/2014,5580.797699,Summer,30-Jun
445,3892,f,7/1/2014,5261.050557,Summer,1-Jul
446,3892,f,7/2/2014,9619.541747,Summer,2-Jul
447,3892,f,7/3/2014,6766.045044,Summer,3-Jul
448,3892,f,7/4/2014,7559.485144,Summer,4-Jul
449,3892,f,7/5/2014,6842.883295,Summer,5-Jul
450,3892,f,7/6/2014,7397.494292,Summer,6-Jul
451,3892,f,7/7/2014,6245.190535,Summer,7-Jul
452,3892,f,7/8/2014,9367.789264,Summer,8-Jul
453,3892,f,7/9/2014,6752.707126,Summer,9-Jul
454,3892,f,7/10/2014,11615.42932,Summer,10-Jul
455,3892,f,7/11/2014,8742.399977,Summer,11-Jul
456,3892,f,7/12/2014,9544.914391,Summer,12-Jul
457,3892,f,7/13/2014,7645.149967,Summer,13-Jul
458,3892,f,7/14/2014,5966.733448,Summer,14-Jul
459,3892,f,7/15/2014,6941.820634,Summer,15-Jul
460,3892,f,7/16/2014,6843.210759,Summer,16-Jul
461,3892,f,7/17/2014,8816.362012,Summer,17-Jul
462,3892,f,7/18/2014,5820.063414,Summer,18-Jul
463,3892,f,7/19/2014,7343.829546,Summer,19-Jul
464,3892,f,7/20/2014,10492.98971,Summer,20-Jul
465,3892,f,7/21/2014,5262.821741,Summer,21-Jul
466,3892,f,7/22/2014,7686.327121,Summer,22-Jul
467,3892,f,7/23/2014,7127.463123,Summer,23-Jul
468,3892,f,7/24/2014,7485.715232,Summer,24-Jul
469,3892,f,7/25/2014,6160.199471,Summer,25-Jul
470,3892,f,7/26/2014,10138.26095,Summer,26-Jul
471,3892,f,7/27/2014,7534.519956,Summer,27-Jul
472,3892,f,7/28/2014,7596.81578,Summer,28-Jul
473,3892,f,7/29/2014,6257.006652,Summer,29-Jul
474,3892,f,7/30/2014,9549.066097,Summer,30-Jul
475,3892,f,7/31/2014,5709.25178,Summer,31-Jul
476,3892,f,8/1/2014,6428.932688,Summer,1-Aug
477,3892,f,8/2/2014,9085.812295,Summer,2-Aug
478,3892,f,8/3/2014,7412.075256,Summer,3-Aug
479,3892,f,8/4/2014,6197.603917,Summer,4-Aug
480,3892,f,8/5/2014,7121.80525,Summer,5-Aug
481,3892,f,8/6/2014,8663.388414,Summer,6-Aug
482,3892,f,8/7/2014,7460.715196,Summer,7-Aug
483,3892,f,8/8/2014,5827.887941,Summer,8-Aug
484,3892,f,8/9/2014,6424.806588,Summer,9-Aug
485,3892,f,8/10/2014,7838.512721,Summer,10-Aug
486,3892,f,8/11/2014,5995.220336,Summer,11-Aug
487,3892,f,8/12/2014,5706.833222,Summer,12-Aug
488,3892,f,8/13/2014,4517.843414,Summer,13-Aug
489,3892,f,8/14/2014,8443.179668,Summer,14-Aug
490,3892,f,8/15/2014,9846.250608,Summer,15-Aug
491,3892,f,8/16/2014,7175.036769,Summer,16-Aug
492,3892,f,8/17/2014,6917.403341,Summer,17-Aug
493,3892,f,8/18/2014,4439.83857,Summer,18-Aug
494,3892,f,8/19/2014,5093.07644,Summer,19-Aug
495,3892,f,8/20/2014,6344.029582,Summer,20-Aug
496,3892,f,8/21/2014,5561.019771,Summer,21-Aug
497,3892,f,8/22/2014,2532.847839,Summer,22-Aug
498,3892,f,8/23/2014,8068.773047,Summer,23-Aug
499,3892,f,8/24/2014,7905.537522,Summer,24-Aug
500,3892,f,8/25/2014,3497.294612,Summer,25-Aug
501,3892,f,8/26/2014,5232.771965,Summer,26-Aug
502,3892,f,8/27/2014,6160.245138,Summer,27-Aug
503,3892,f,8/28/2014,4247.519529,Summer,28-Aug
504,3892,f,8/29/2014,8786.870625,Summer,29-Aug
505,3892,f,8/30/2014,3996.19886,Summer,30-Aug
506,3892,f,8/31/2014,5073.558818,Summer,31-Aug
507,3892,f,9/1/2014,5171.374669,Summer,1-Sep
508,3892,f,9/2/2014,3480.310743,Summer,2-Sep
509,3892,f,9/3/2014,10450.54116,Summer,3-Sep
510,3892,f,9/4/2014,9332.250104,Summer,4-Sep
511,3892,f,9/5/2014,5079.223773,Summer,5-Sep
512,3892,f,9/6/2014,9120.294143,Summer,6-Sep
513,3892,f,9/7/2014,10239.52494,Summer,7-Sep
514,3892,f,9/8/2014,8471.326675,Summer,8-Sep
515,3892,f,9/9/2014,7427.791944,Summer,9-Sep
516,3892,f,9/10/2014,8457.988566,Summer,10-Sep
517,3892,f,9/11/2014,12357.74295,Summer,11-Sep
518,3892,f,9/12/2014,7033.008422,Summer,12-Sep
519,3892,f,9/13/2014,6229.418087,Summer,13-Sep
520,3892,f,9/14/2014,10435.08443,Summer,14-Sep
521,3892,f,9/15/2014,9559.657765,Summer,15-Sep
522,3892,f,9/16/2014,6660.446619,Summer,16-Sep
523,3892,f,9/17/2014,9124.96367,Summer,17-Sep
524,3892,f,9/18/2014,7416.73115,Summer,18-Sep
525,3892,f,9/19/2014,4968.181134,Summer,19-Sep
526,3892,f,9/20/2014,10558.01649,Summer,20-Sep
527,3892,f,9/21/2014,8087.067117,Autumn,21-Sep
528,3892,f,9/22/2014,11433.94071,Autumn,22-Sep
529,3892,f,9/23/2014,12242.75674,Autumn,23-Sep
530,3892,f,9/24/2014,7029.464173,Autumn,24-Sep
531,3892,f,9/25/2014,7777.710434,Autumn,25-Sep
532,3892,f,9/26/2014,16039.53922,Autumn,26-Sep
533,3892,f,9/27/2014,8195.035522,Autumn,27-Sep
534,3892,f,9/28/2014,6451.252922,Autumn,28-Sep
535,3892,f,9/29/2014,7549.824771,Autumn,29-Sep
536,3892,f,9/30/2014,7727.121913,Autumn,30-Sep
537,3892,f,10/1/2014,6259.519285,Autumn,1-Oct
538,3892,f,10/2/2014,3231.426324,Autumn,2-Oct
539,3893,m,6/25/2014,487.8523588,Summer,25-Jun
540,3893,m,6/26/2014,1887.230611,Summer,26-Jun
541,3893,m,6/27/2014,9825.352321,Summer,27-Jun
542,3893,m,6/28/2014,6489.885175,Summer,28-Jun
543,3893,m,6/29/2014,7699.130439,Summer,29-Jun
544,3893,m,6/30/2014,6062.171189,Summer,30-Jun
545,3893,m,7/1/2014,13083.47531,Summer,1-Jul
546,3893,m,7/2/2014,10750.99632,Summer,2-Jul
547,3893,m,7/3/2014,14457.82867,Summer,3-Jul
548,3893,m,7/4/2014,8048.407968,Summer,4-Jul
549,3893,m,7/5/2014,18607.94517,Summer,5-Jul
550,3893,m,7/6/2014,11122.53009,Summer,6-Jul
551,3893,m,7/7/2014,14246.11494,Summer,7-Jul
552,3893,m,7/8/2014,5517.040527,Summer,8-Jul
553,3893,m,7/9/2014,7758.344552,Summer,9-Jul
554,3893,m,7/10/2014,15858.97413,Summer,10-Jul
555,3893,m,7/11/2014,12391.13544,Summer,11-Jul
556,3893,m,7/12/2014,15710.64848,Summer,12-Jul
557,3893,m,7/13/2014,16058.0373,Summer,13-Jul
558,3893,m,7/14/2014,14813.69724,Summer,14-Jul
559,3893,m,7/15/2014,11204.86499,Summer,15-Jul
560,3893,m,7/16/2014,15723.80927,Summer,16-Jul
561,3893,m,7/17/2014,10798.56247,Summer,17-Jul
562,3893,m,7/18/2014,11392.97915,Summer,18-Jul
563,3893,m,7/19/2014,9500.572785,Summer,19-Jul
564,3893,m,7/20/2014,6751.862205,Summer,20-Jul
565,3893,m,7/21/2014,11185.4568,Summer,21-Jul
566,3893,m,7/22/2014,17773.64566,Summer,22-Jul
567,3893,m,7/23/2014,14291.99019,Summer,23-Jul
568,3893,m,7/24/2014,24916.01492,Summer,24-Jul
569,3893,m,7/25/2014,12740.45169,Summer,25-Jul
570,3893,m,7/26/2014,15394.25701,Summer,26-Jul
571,3893,m,7/27/2014,17596.41592,Summer,27-Jul
572,3893,m,7/28/2014,8213.45313,Summer,28-Jul
573,3893,m,7/29/2014,13104.98399,Summer,29-Jul
574,3893,m,7/30/2014,26468.365,Summer,30-Jul
575,3893,m,7/31/2014,14580.90654,Summer,31-Jul
576,3893,m,8/1/2014,7050.162277,Summer,1-Aug
577,3893,m,8/2/2014,10232.8175,Summer,2-Aug
578,3893,m,8/3/2014,12980.94738,Summer,3-Aug
579,3893,m,8/4/2014,11695.17464,Summer,4-Aug
580,3893,m,8/5/2014,7968.519929,Summer,5-Aug
581,3893,m,8/6/2014,6631.559113,Summer,6-Aug
582,3893,m,8/7/2014,7739.931145,Summer,7-Aug
583,3893,m,8/8/2014,5672.89415,Summer,8-Aug
584,3893,m,8/9/2014,14785.9136,Summer,9-Aug
585,3893,m,8/10/2014,13065.60852,Summer,10-Aug
586,3893,m,8/11/2014,13969.55756,Summer,11-Aug
587,3893,m,8/12/2014,9208.943125,Summer,12-Aug
588,3893,m,8/13/2014,6627.452577,Summer,13-Aug
589,3893,m,8/14/2014,17697.77045,Summer,14-Aug
590,3893,m,8/15/2014,12539.6919,Summer,15-Aug
591,3893,m,8/16/2014,8109.584522,Summer,16-Aug
592,3893,m,8/17/2014,9268.921298,Summer,17-Aug
593,3893,m,8/18/2014,14117.93044,Summer,18-Aug
594,3893,m,8/19/2014,4886.027313,Summer,19-Aug
595,3893,m,8/20/2014,17855.87084,Summer,20-Aug
596,3893,m,8/21/2014,7335.638666,Summer,21-Aug
597,3893,m,8/22/2014,10811.96372,Summer,22-Aug
598,3893,m,8/23/2014,16806.81235,Summer,23-Aug
599,3893,m,8/24/2014,12061.03722,Summer,24-Aug
600,3893,m,8/25/2014,7141.773478,Summer,25-Aug
601,3893,m,8/26/2014,7384.764468,Summer,26-Aug
602,3893,m,8/27/2014,9505.43591,Summer,27-Aug
603,3893,m,8/28/2014,6993.181664,Summer,28-Aug
604,3893,m,8/29/2014,8038.453868,Summer,29-Aug
605,3893,m,8/30/2014,14260.40456,Summer,30-Aug
606,3893,m,8/31/2014,6356.688286,Summer,31-Aug
607,3893,m,9/1/2014,13300.5589,Summer,1-Sep
608,3893,m,9/2/2014,8771.204671,Summer,2-Sep
609,3893,m,9/3/2014,8929.388882,Summer,3-Sep
610,3893,m,9/4/2014,8615.477184,Summer,4-Sep
611,3893,m,9/5/2014,8989.890643,Summer,5-Sep
612,3893,m,9/6/2014,9198.39939,Summer,6-Sep
613,3893,m,9/7/2014,10039.81212,Summer,7-Sep
614,3893,m,9/8/2014,8436.097821,Summer,8-Sep
615,3893,m,9/9/2014,8291.297948,Summer,9-Sep
616,3893,m,9/10/2014,7891.962007,Summer,10-Sep
617,3893,m,9/11/2014,9019.190791,Summer,11-Sep
618,3893,m,9/12/2014,7330.488608,Summer,12-Sep
619,3893,m,9/13/2014,7882.481443,Summer,13-Sep
620,3893,m,9/14/2014,10863.18484,Summer,14-Sep
621,3893,m,9/15/2014,8562.654175,Summer,15-Sep
622,3893,m,9/16/2014,10576.29325,Summer,16-Sep
623,3893,m,9/17/2014,9363.994449,Summer,17-Sep
624,3893,m,9/18/2014,18192.0472,Summer,18-Sep
625,3893,m,9/19/2014,11569.95027,Summer,19-Sep
626,3893,m,9/20/2014,11642.02791,Summer,20-Sep
627,3893,m,9/21/2014,10248.14862,Autumn,21-Sep
628,3893,m,9/22/2014,13736.49405,Autumn,22-Sep
629,3893,m,9/23/2014,16019.95822,Autumn,23-Sep
630,3893,m,9/24/2014,11791.05381,Autumn,24-Sep
631,3893,m,9/25/2014,6267.596577,Autumn,25-Sep
632,3893,m,9/26/2014,16151.38226,Autumn,26-Sep
633,3893,m,9/27/2014,9673.521766,Autumn,27-Sep
634,3893,m,9/28/2014,8033.284463,Autumn,28-Sep
635,3893,m,9/29/2014,15266.76367,Autumn,29-Sep
636,3893,m,9/30/2014,11790.95332,Autumn,30-Sep
637,3893,m,10/1/2014,10692.64927,Autumn,1-Oct
638,3893,m,10/2/2014,10290.37496,Autumn,2-Oct
639,3893,m,10/3/2014,9208.098603,Autumn,3-Oct
640,3893,m,10/4/2014,7252.513252,Autumn,4-Oct
641,3893,m,10/5/2014,14413.20959,Autumn,5-Oct
642,3893,m,10/6/2014,10533.0639,Autumn,6-Oct
643,3893,m,10/7/2014,18665.23725,Autumn,7-Oct
644,3893,m,10/8/2014,12641.28948,Autumn,8-Oct
645,3893,m,10/9/2014,9028.393782,Autumn,9-Oct
646,3893,m,10/10/2014,9174.946919,Autumn,10-Oct
647,3893,m,10/11/2014,10418.68635,Autumn,11-Oct
648,3893,m,10/12/2014,5967.033771,Autumn,12-Oct
649,3893,m,10/13/2014,12822.59888,Autumn,13-Oct
650,3893,m,10/14/2014,9607.15969,Autumn,14-Oct
651,3893,m,10/15/2014,7493.140254,Autumn,15-Oct
652,3893,m,10/16/2014,9506.401434,Autumn,16-Oct
653,3893,m,10/17/2014,9113.389857,Autumn,17-Oct
654,3893,m,10/18/2014,8187.868798,Autumn,18-Oct
655,3893,m,10/19/2014,13831.50661,Autumn,19-Oct
656,3893,m,10/20/2014,13214.18714,Autumn,20-Oct
657,3893,m,10/21/2014,18059.7441,Autumn,21-Oct
658,3893,m,10/22/2014,12696.49949,Autumn,22-Oct
659,3893,m,10/23/2014,17220.03518,Autumn,23-Oct
660,3893,m,10/24/2014,11471.71532,Autumn,24-Oct
661,3893,m,10/25/2014,17083.8013,Autumn,25-Oct
662,3893,m,10/26/2014,8399.249771,Autumn,26-Oct
663,3893,m,10/27/2014,9885.649648,Autumn,27-Oct
664,3893,m,10/28/2014,17368.3775,Autumn,28-Oct
665,3893,m,10/29/2014,28748.66525,Autumn,29-Oct
666,3893,m,10/30/2014,8953.168794,Autumn,30-Oct
667,3893,m,10/31/2014,11922.45813,Autumn,31-Oct
668,3893,m,11/1/2014,12151.35057,Autumn,1-Nov
669,3893,m,11/2/2014,12395.65042,Autumn,2-Nov
670,3893,m,11/3/2014,13786.26915,Autumn,3-Nov
671,3893,m,11/4/2014,21857.58716,Autumn,4-Nov
672,3893,m,11/5/2014,17041.2083,Autumn,5-Nov
673,3893,m,11/6/2014,20123.89495,Autumn,6-Nov
674,3893,m,11/7/2014,16327.37128,Autumn,7-Nov
675,3893,m,11/8/2014,16894.13212,Autumn,8-Nov
676,3893,m,11/9/2014,7845.30055,Autumn,9-Nov
677,3893,m,11/10/2014,11206.70965,Autumn,10-Nov
678,3893,m,11/11/2014,11818.02859,Autumn,11-Nov
679,3893,m,11/12/2014,10873.63265,Autumn,12-Nov
680,3893,m,11/13/2014,12192.01504,Autumn,13-Nov
681,3893,m,11/14/2014,10522.25594,Autumn,14-Nov
682,3893,m,11/15/2014,20922.021,Autumn,15-Nov
683,3893,m,11/16/2014,10938.80862,Autumn,16-Nov
684,3893,m,11/17/2014,16376.93572,Autumn,17-Nov
685,3893,m,11/18/2014,24371.77551,Autumn,18-Nov
686,3893,m,11/19/2014,11796.77549,Autumn,19-Nov
687,3893,m,11/20/2014,8456.548393,Autumn,20-Nov
688,3893,m,11/21/2014,7389.245672,Autumn,21-Nov
689,3894,m,7/10/2014,1662.326408,Summer,10-Jul
690,3894,m,7/11/2014,3859.573544,Summer,11-Jul
691,3894,m,7/17/2014,3132.888288,Summer,17-Jul
692,3894,m,7/18/2014,3098.200447,Summer,18-Jul
693,3894,m,7/19/2014,3539.274404,Summer,19-Jul
694,3894,m,7/20/2014,6325.231366,Summer,20-Jul
695,3894,m,7/21/2014,7857.907597,Summer,21-Jul
696,3894,m,7/22/2014,4008.631773,Summer,22-Jul
697,3894,m,7/23/2014,4639.024654,Summer,23-Jul
698,3894,m,7/24/2014,5155.655928,Summer,24-Jul
699,3894,m,7/25/2014,7330.107444,Summer,25-Jul
700,3894,m,7/26/2014,5411.843317,Summer,26-Jul
701,3894,m,7/27/2014,6173.10968,Summer,27-Jul
702,3894,m,7/28/2014,7785.609427,Summer,28-Jul
703,3894,m,7/29/2014,11707.44505,Summer,29-Jul
704,3894,m,7/30/2014,7853.082827,Summer,30-Jul
705,3894,m,7/31/2014,5321.118358,Summer,31-Jul
706,3894,m,8/1/2014,7779.678738,Summer,1-Aug
707,3894,m,8/2/2014,8265.124563,Summer,2-Aug
708,3894,m,8/3/2014,9570.498948,Summer,3-Aug
709,3894,m,8/4/2014,6348.745076,Summer,4-Aug
710,3894,m,8/5/2014,5269.662648,Summer,5-Aug
711,3894,m,8/6/2014,5291.096872,Summer,6-Aug
712,3894,m,8/7/2014,7402.361535,Summer,7-Aug
713,3894,m,8/8/2014,4815.081213,Summer,8-Aug
714,3894,m,8/9/2014,7942.106966,Summer,9-Aug
715,3894,m,8/10/2014,7239.606483,Summer,10-Aug
716,3894,m,8/11/2014,9945.827486,Summer,11-Aug
717,3894,m,8/12/2014,6146.894725,Summer,12-Aug
718,3894,m,8/13/2014,7789.242585,Summer,13-Aug
719,3894,m,8/14/2014,5598.615609,Summer,14-Aug
720,3894,m,8/15/2014,6456.11063,Summer,15-Aug
721,3894,m,8/16/2014,10161.03707,Summer,16-Aug
722,3894,m,8/17/2014,5504.837683,Summer,17-Aug
723,3894,m,8/18/2014,6849.21376,Summer,18-Aug
724,3894,m,8/19/2014,10063.80899,Summer,19-Aug
725,3894,m,8/20/2014,5102.216976,Summer,20-Aug
726,3894,m,8/21/2014,5897.474288,Summer,21-Aug
727,3894,m,8/22/2014,9321.679897,Summer,22-Aug
728,3894,m,8/23/2014,7807.165794,Summer,23-Aug
729,3894,m,8/24/2014,6583.72039,Summer,24-Aug
730,3894,m,8/25/2014,4184.955039,Summer,25-Aug
731,3894,m,8/26/2014,4023.197164,Summer,26-Aug
732,3894,m,8/27/2014,9229.007776,Summer,27-Aug
733,3894,m,8/28/2014,5184.821831,Summer,28-Aug
734,3894,m,8/29/2014,5011.288194,Summer,29-Aug
735,3894,m,8/30/2014,3594.352819,Summer,30-Aug
736,3894,m,8/31/2014,5191.539465,Summer,31-Aug
737,3894,m,9/1/2014,10796.21225,Summer,1-Sep
738,3894,m,9/2/2014,5479.695567,Summer,2-Sep
739,3894,m,9/3/2014,10011.72306,Summer,3-Sep
740,3894,m,9/4/2014,3316.258159,Summer,4-Sep
741,3895,f,7/15/2014,4954.707342,Summer,15-Jul
742,3895,f,7/16/2014,5742.054289,Summer,16-Jul
743,3895,f,7/17/2014,9553.79304,Summer,17-Jul
744,3895,f,7/18/2014,8527.365529,Summer,18-Jul
745,3895,f,7/19/2014,13988.48319,Summer,19-Jul
746,3895,f,7/20/2014,4388.497139,Summer,20-Jul
747,3895,f,7/21/2014,4780.542382,Summer,21-Jul
748,3895,f,7/22/2014,10463.73112,Summer,22-Jul
749,3895,f,7/23/2014,5888.677549,Summer,23-Jul
750,3895,f,7/24/2014,6461.412596,Summer,24-Jul
751,3895,f,7/25/2014,5512.091227,Summer,25-Jul
752,3895,f,7/26/2014,12015.25298,Summer,26-Jul
753,3895,f,7/27/2014,5543.046357,Summer,27-Jul
754,3895,f,7/28/2014,6391.883094,Summer,28-Jul
755,3895,f,7/29/2014,9107.142431,Summer,29-Jul
756,3895,f,7/30/2014,28881.3552,Summer,30-Jul
757,3895,f,7/31/2014,36892.51109,Summer,31-Jul
758,3895,f,8/1/2014,29439.65896,Summer,1-Aug
759,3895,f,8/2/2014,37564.40607,Summer,2-Aug
760,3895,f,8/3/2014,26035.27629,Summer,3-Aug
761,3895,f,8/4/2014,27975.46804,Summer,4-Aug
762,3895,f,8/5/2014,29826.64372,Summer,5-Aug
763,3895,f,8/6/2014,32941.55433,Summer,6-Aug
764,3895,f,8/7/2014,12644.22074,Summer,7-Aug
765,3895,f,8/8/2014,8038.00938,Summer,8-Aug
766,3895,f,8/9/2014,12517.66047,Summer,9-Aug
767,3895,f,8/10/2014,8814.982761,Summer,10-Aug
768,3895,f,8/11/2014,10521.7173,Summer,11-Aug
769,3895,f,8/12/2014,11115.03614,Summer,12-Aug
770,3895,f,8/13/2014,8887.140457,Summer,13-Aug
771,3895,f,8/14/2014,3982.132846,Summer,14-Aug
772,3895,f,8/15/2014,8822.946102,Summer,15-Aug
773,3895,f,8/16/2014,9712.457895,Summer,16-Aug
774,3895,f,8/17/2014,8397.946045,Summer,17-Aug
775,3895,f,8/18/2014,3186.20732,Summer,18-Aug
776,3896,m,7/15/2014,3011.801904,Summer,15-Jul
777,3896,m,7/16/2014,12493.66596,Summer,16-Jul
778,3896,m,7/17/2014,8971.196041,Summer,17-Jul
779,3896,m,7/18/2014,8139.104671,Summer,18-Jul
780,3896,m,7/19/2014,8433.243526,Summer,19-Jul
781,3896,m,7/20/2014,4817.125877,Summer,20-Jul
782,3896,m,7/21/2014,9726.896049,Summer,21-Jul
783,3896,m,7/22/2014,8250.103382,Summer,22-Jul
784,3896,m,7/23/2014,7957.801343,Summer,23-Jul
785,3896,m,7/24/2014,6957.269161,Summer,24-Jul
786,3896,m,7/25/2014,10063.01096,Summer,25-Jul
787,3896,m,7/26/2014,11890.50428,Summer,26-Jul
788,3896,m,7/27/2014,9464.66813,Summer,27-Jul
789,3896,m,7/28/2014,6192.205114,Summer,28-Jul
790,3896,m,7/29/2014,10263.03715,Summer,29-Jul
791,3896,m,7/30/2014,17037.55349,Summer,30-Jul
792,3896,m,7/31/2014,10891.62994,Summer,31-Jul
793,3896,m,8/1/2014,13392.6232,Summer,1-Aug
794,3896,m,8/2/2014,10507.31477,Summer,2-Aug
795,3896,m,8/3/2014,10038.25192,Summer,3-Aug
796,3896,m,8/4/2014,16783.48985,Summer,4-Aug
797,3896,m,8/5/2014,13511.47428,Summer,5-Aug
798,3896,m,8/6/2014,6111.067323,Summer,6-Aug
799,3896,m,8/7/2014,11513.77566,Summer,7-Aug
800,3896,m,8/8/2014,6982.058475,Summer,8-Aug
801,3896,m,8/9/2014,14680.62149,Summer,9-Aug
802,3896,m,8/10/2014,8497.782646,Summer,10-Aug
803,3896,m,8/11/2014,10432.90875,Summer,11-Aug
804,3896,m,8/12/2014,9400.451556,Summer,12-Aug
805,3896,m,8/13/2014,10089.88669,Summer,13-Aug
806,3896,m,8/14/2014,5743.577186,Summer,14-Aug
807,3896,m,8/15/2014,7997.083855,Summer,15-Aug
808,3896,m,8/16/2014,8412.157575,Summer,16-Aug
809,3896,m,8/17/2014,9712.95272,Summer,17-Aug
810,3896,m,8/18/2014,7389.091325,Summer,18-Aug
811,3896,m,8/19/2014,10394.06575,Summer,19-Aug
812,3896,m,8/20/2014,8095.593919,Summer,20-Aug
813,3896,m,8/21/2014,8958.013157,Summer,21-Aug
814,3896,m,8/22/2014,5459.288669,Summer,22-Aug
815,3896,m,8/23/2014,11846.99689,Summer,23-Aug
816,3896,m,8/24/2014,11655.38032,Summer,24-Aug
817,3896,m,8/25/2014,6016.793125,Summer,25-Aug
818,3896,m,8/26/2014,9388.507689,Summer,26-Aug
819,3896,m,8/27/2014,16227.6453,Summer,27-Aug
820,3896,m,8/28/2014,10459.92256,Summer,28-Aug
821,3896,m,8/29/2014,16240.0105,Summer,29-Aug
822,3896,m,8/30/2014,18324.83808,Summer,30-Aug
823,3896,m,8/31/2014,15072.86755,Summer,31-Aug
824,3896,m,9/1/2014,7842.886535,Summer,1-Sep
825,3896,m,9/2/2014,16031.74332,Summer,2-Sep
826,3896,m,9/3/2014,21164.24229,Summer,3-Sep
827,3896,m,9/4/2014,11830.79614,Summer,4-Sep
828,3896,m,9/5/2014,15315.96232,Summer,5-Sep
829,3896,m,9/6/2014,18031.11113,Summer,6-Sep
830,3896,m,9/7/2014,15762.31405,Summer,7-Sep
831,3896,m,9/8/2014,18528.25801,Summer,8-Sep
832,3896,m,9/9/2014,15167.21656,Summer,9-Sep
833,3896,m,9/10/2014,16978.3354,Summer,10-Sep
834,3896,m,9/11/2014,11733.89524,Summer,11-Sep
835,3896,m,9/12/2014,16443.48488,Summer,12-Sep
836,3896,m,9/13/2014,23545.65059,Summer,13-Sep
837,3896,m,9/14/2014,15048.44831,Summer,14-Sep
838,3896,m,9/15/2014,8253.739747,Summer,15-Sep
839,3896,m,9/16/2014,11104.37032,Summer,16-Sep
840,3896,m,9/17/2014,13236.46265,Summer,17-Sep
841,3896,m,9/18/2014,12348.93402,Summer,18-Sep
842,3896,m,9/19/2014,9176.906384,Summer,19-Sep
843,3896,m,9/20/2014,7022.367459,Summer,20-Sep
844,3896,m,9/21/2014,12226.23224,Autumn,21-Sep
845,3896,m,9/22/2014,7669.344733,Autumn,22-Sep
846,3896,m,9/23/2014,7111.187661,Autumn,23-Sep
847,3896,m,9/24/2014,9457.494469,Autumn,24-Sep
848,3896,m,9/25/2014,10015.1999,Autumn,25-Sep
849,3896,m,9/26/2014,9379.158944,Autumn,26-Sep
850,3896,m,9/27/2014,10995.66434,Autumn,27-Sep
851,3896,m,9/28/2014,9578.880785,Autumn,28-Sep
852,3896,m,9/29/2014,11071.24694,Autumn,29-Sep
853,3896,m,9/30/2014,9481.019339,Autumn,30-Sep
854,3896,m,10/1/2014,11306.08371,Autumn,1-Oct
855,3896,m,10/2/2014,13362.16883,Autumn,2-Oct
856,3896,m,10/3/2014,14782.97352,Autumn,3-Oct
857,3896,m,10/4/2014,13561.46118,Autumn,4-Oct
858,3896,m,10/5/2014,12453.49742,Autumn,5-Oct
859,3896,m,10/6/2014,12697.45908,Autumn,6-Oct
860,3896,m,10/7/2014,12019.8865,Autumn,7-Oct
861,3896,m,10/8/2014,16472.05839,Autumn,8-Oct
862,3896,m,10/9/2014,11553.09331,Autumn,9-Oct
863,3896,m,10/10/2014,11934.59218,Autumn,10-Oct
864,3896,m,10/11/2014,12509.50603,Autumn,11-Oct
865,3896,m,10/12/2014,12939.71027,Autumn,12-Oct
866,3896,m,10/13/2014,17793.02596,Autumn,13-Oct
867,3896,m,10/14/2014,10812.04276,Autumn,14-Oct
868,3896,m,10/15/2014,12655.78445,Autumn,15-Oct
869,3896,m,10/16/2014,11438.19705,Autumn,16-Oct
870,3896,m,10/17/2014,11806.53909,Autumn,17-Oct
871,3896,m,10/18/2014,11518.8073,Autumn,18-Oct
872,3896,m,10/19/2014,10424.33385,Autumn,19-Oct
873,3896,m,10/20/2014,9696.075601,Autumn,20-Oct
874,3896,m,10/21/2014,9999.319203,Autumn,21-Oct
875,3896,m,10/22/2014,14104.83045,Autumn,22-Oct
876,3896,m,10/23/2014,10341.74764,Autumn,23-Oct
877,3896,m,10/24/2014,6952.238155,Autumn,24-Oct
878,3896,m,10/25/2014,12938.94856,Autumn,25-Oct
879,3896,m,10/26/2014,14785.78221,Autumn,26-Oct
880,3896,m,10/27/2014,10045.91606,Autumn,27-Oct
881,3896,m,10/28/2014,14098.65342,Autumn,28-Oct
882,3896,m,10/29/2014,10473.89981,Autumn,29-Oct
883,3896,m,10/30/2014,9383.130005,Autumn,30-Oct
884,3896,m,10/31/2014,8725.546957,Autumn,31-Oct
885,3896,m,11/1/2014,11986.22239,Autumn,1-Nov
886,3896,m,11/2/2014,8246.702542,Autumn,2-Nov
887,3896,m,11/3/2014,10129.19678,Autumn,3-Nov
888,3896,m,11/4/2014,14200.14323,Autumn,4-Nov
889,3896,m,11/5/2014,12598.95666,Autumn,5-Nov
890,3896,m,11/6/2014,20470.84696,Autumn,6-Nov
891,3896,m,11/7/2014,18507.61334,Autumn,7-Nov
892,3896,m,11/8/2014,26133.37325,Autumn,8-Nov
893,3896,m,11/9/2014,10825.40675,Autumn,9-Nov
894,3896,m,11/10/2014,16356.27512,Autumn,10-Nov
895,3896,m,11/11/2014,11166.12678,Autumn,11-Nov
896,3896,m,11/12/2014,12731.41546,Autumn,12-Nov
897,3896,m,11/13/2014,2093.346925,Autumn,13-Nov
898,3897,f,5/3/2015,2324.323916,Spring,3-May
899,3897,f,5/4/2015,7312.384564,Spring,4-May
900,3897,f,5/5/2015,5263.302686,Spring,5-May
901,3897,f,5/6/2015,5811.421772,Spring,6-May
902,3897,f,5/7/2015,12049.10374,Spring,7-May
903,3897,f,5/8/2015,5554.714032,Spring,8-May
904,3897,f,5/9/2015,3138.049544,Spring,9-May
905,3897,f,5/10/2015,5546.777951,Spring,10-May
906,3897,f,5/15/2015,5566.032948,Spring,15-May
907,3897,f,5/16/2015,16571.86586,Spring,16-May
908,3897,f,5/17/2015,8129.378193,Spring,17-May
909,3897,f,5/18/2015,9208.994185,Spring,18-May
910,3897,f,5/19/2015,6805.227075,Spring,19-May
911,3897,f,5/20/2015,9186.107704,Spring,20-May
912,3897,f,5/21/2015,7757.736273,Spring,21-May
913,3897,f,5/22/2015,2840.947918,Spring,22-May
914,3897,f,5/23/2015,10032.74679,Spring,23-May
915,3897,f,5/24/2015,10715.34502,Spring,24-May
916,3897,f,5/25/2015,4197.644524,Spring,25-May
917,3897,f,5/26/2015,3472.352171,Spring,26-May
918,3897,f,5/27/2015,11792.54796,Spring,27-May
919,3897,f,5/28/2015,5768.929591,Spring,28-May
920,3897,f,5/29/2015,14910.32409,Spring,29-May
921,3897,f,5/30/2015,10185.84788,Spring,30-May
922,3897,f,5/31/2015,9464.206331,Spring,31-May
923,3897,f,6/1/2015,7588.489996,Spring,1-Jun
924,3897,f,6/2/2015,17338.62835,Spring,2-Jun
925,3897,f,6/3/2015,16136.90531,Spring,3-Jun
926,3897,f,6/4/2015,17087.7547,Spring,4-Jun
927,3897,f,6/5/2015,14763.11124,Spring,5-Jun
928,3897,f,6/6/2015,9899.373867,Spring,6-Jun
929,3897,f,6/7/2015,14381.70069,Spring,7-Jun
930,3897,f,6/8/2015,2597.650115,Spring,8-Jun
931,3897,f,6/9/2015,13919.33249,Spring,9-Jun
932,3897,f,6/10/2015,6624.406635,Spring,10-Jun
933,3897,f,6/11/2015,13715.39952,Spring,11-Jun
934,3897,f,6/12/2015,5328.268178,Spring,12-Jun
935,3897,f,6/13/2015,3923.711551,Spring,13-Jun
936,3897,f,6/14/2015,13401.01637,Spring,14-Jun
937,3897,f,6/15/2015,4778.164165,Spring,15-Jun
938,3897,f,6/16/2015,12534.26002,Spring,16-Jun
939,3897,f,6/17/2015,8350.13858,Spring,17-Jun
940,3897,f,6/18/2015,5298.629605,Spring,18-Jun
941,3897,f,6/19/2015,10530.39341,Spring,19-Jun
942,3897,f,6/20/2015,12090.80947,Spring,20-Jun
943,3897,f,6/21/2015,5676.893022,Spring,21-Jun
944,3897,f,6/22/2015,11273.15343,Summer,22-Jun
945,3897,f,6/23/2015,11145.23957,Summer,23-Jun
946,3897,f,6/24/2015,6864.849008,Summer,24-Jun
947,3897,f,6/25/2015,6270.747234,Summer,25-Jun
948,3897,f,6/26/2015,3084.020734,Summer,26-Jun
949,3897,f,6/27/2015,13998.76438,Summer,27-Jun
950,3897,f,6/28/2015,11118.67019,Summer,28-Jun
951,3897,f,6/29/2015,10007.83986,Summer,29-Jun
952,3897,f,6/30/2015,10412.26075,Summer,30-Jun
953,3897,f,7/1/2015,17620.3202,Summer,1-Jul
954,3897,f,7/2/2015,16831.77237,Summer,2-Jul
955,3897,f,7/3/2015,8992.435011,Summer,3-Jul
956,3897,f,7/4/2015,12249.62888,Summer,4-Jul
957,3897,f,7/5/2015,11794.71037,Summer,5-Jul
958,3897,f,7/6/2015,12425.84683,Summer,6-Jul
959,3897,f,7/7/2015,10713.75241,Summer,7-Jul
960,3897,f,7/8/2015,13826.39586,Summer,8-Jul
961,3897,f,7/9/2015,13514.86329,Summer,9-Jul
962,3897,f,7/10/2015,8154.674798,Summer,10-Jul
963,3897,f,7/11/2015,11804.98076,Summer,11-Jul
964,3897,f,7/12/2015,6836.893264,Summer,12-Jul
965,3897,f,7/13/2015,9997.958864,Summer,13-Jul
966,3897,f,7/14/2015,13462.66166,Summer,14-Jul
967,3897,f,7/15/2015,10651.95094,Summer,15-Jul
968,3897,f,7/16/2015,9762.041008,Summer,16-Jul
969,3897,f,7/17/2015,6275.131852,Summer,17-Jul
970,3897,f,7/18/2015,5879.805573,Summer,18-Jul
971,3897,f,7/19/2015,8167.603544,Summer,19-Jul
972,3897,f,7/20/2015,5861.972533,Summer,20-Jul
973,3897,f,7/21/2015,13588.77474,Summer,21-Jul
974,3897,f,7/22/2015,11070.12285,Summer,22-Jul
975,3897,f,7/23/2015,13419.7436,Summer,23-Jul
976,3897,f,7/24/2015,10769.47752,Summer,24-Jul
977,3897,f,7/25/2015,13563.93676,Summer,25-Jul
978,3897,f,7/26/2015,14006.60408,Summer,26-Jul
979,3897,f,7/27/2015,11551.0727,Summer,27-Jul
980,3897,f,7/28/2015,15758.23902,Summer,28-Jul
981,3897,f,7/29/2015,14368.41221,Summer,29-Jul
982,3897,f,7/30/2015,10302.6361,Summer,30-Jul
983,3897,f,7/31/2015,20314.05912,Summer,31-Jul
984,3897,f,8/1/2015,14732.70064,Summer,1-Aug
985,3897,f,8/2/2015,9558.587436,Summer,2-Aug
986,3897,f,8/3/2015,8669.16493,Summer,3-Aug
987,3897,f,8/4/2015,12744.34151,Summer,4-Aug
988,3897,f,8/5/2015,7937.788296,Summer,5-Aug
989,3897,f,8/6/2015,8807.562477,Summer,6-Aug
990,3897,f,8/7/2015,8176.684642,Summer,7-Aug
991,3897,f,8/8/2015,7495.896292,Summer,8-Aug
992,3897,f,8/9/2015,5015.514988,Summer,9-Aug
993,3897,f,8/10/2015,5516.20715,Summer,10-Aug
994,3897,f,8/11/2015,8021.291338,Summer,11-Aug
995,3897,f,8/12/2015,8057.941204,Summer,12-Aug
996,3897,f,8/13/2015,6938.435453,Summer,13-Aug
997,3897,f,8/14/2015,8942.407922,Summer,14-Aug
998,3897,f,8/15/2015,7494.562693,Summer,15-Aug
999,3897,f,8/16/2015,4615.571976,Summer,16-Aug
1000,3897,f,8/17/2015,9657.352233,Summer,17-Aug
1001,3897,f,8/18/2015,5707.114821,Summer,18-Aug
1002,3897,f,8/19/2015,3618.008575,Summer,19-Aug
1003,3897,f,8/20/2015,5548.653328,Summer,20-Aug
1004,3897,f,8/21/2015,5786.347508,Summer,21-Aug
1005,3897,f,8/22/2015,6773.147088,Summer,22-Aug
1006,3897,f,8/23/2015,8964.604229,Summer,23-Aug
1007,3897,f,8/24/2015,9084.089066,Summer,24-Aug
1008,3897,f,8/25/2015,4799.255985,Summer,25-Aug
1009,3897,f,8/26/2015,6559.743711,Summer,26-Aug
1010,3897,f,8/27/2015,10354.16425,Summer,27-Aug
1011,3897,f,8/28/2015,14099.92255,Summer,28-Aug
1012,3897,f,8/29/2015,8653.106964,Summer,29-Aug
1013,3897,f,8/30/2015,6840.952136,Summer,30-Aug
1014,3897,f,8/31/2015,8391.682497,Summer,31-Aug
1015,3897,f,9/1/2015,7902.911003,Summer,1-Sep
1016,3897,f,9/2/2015,8712.570945,Summer,2-Sep
1017,3897,f,9/3/2015,5422.744748,Summer,3-Sep
1018,3897,f,9/4/2015,14015.31155,Summer,4-Sep
1019,3897,f,9/5/2015,10040.71828,Summer,5-Sep
1020,3897,f,9/6/2015,11392.5487,Summer,6-Sep
1021,3897,f,9/7/2015,6467.754904,Summer,7-Sep
1022,3897,f,9/8/2015,11456.3119,Summer,8-Sep
1023,3897,f,9/9/2015,12174.55616,Summer,9-Sep
1024,3897,f,9/10/2015,7238.743936,Summer,10-Sep
1025,3897,f,9/11/2015,3595.746553,Summer,11-Sep
1026,3897,f,9/12/2015,10674.17077,Summer,12-Sep
1027,3897,f,9/13/2015,5362.771308,Summer,13-Sep
1028,3897,f,9/14/2015,7797.034999,Summer,14-Sep
1029,3897,f,9/15/2015,4967.84704,Summer,15-Sep
1030,3897,f,9/16/2015,11981.01534,Summer,16-Sep
1031,3897,f,9/17/2015,6391.860575,Summer,17-Sep
1032,3897,f,9/18/2015,4850.890401,Summer,18-Sep
1033,3897,f,9/19/2015,6655.324518,Summer,19-Sep
1034,3897,f,9/20/2015,6775.860662,Summer,20-Sep
1035,3897,f,9/21/2015,2375.740988,Autumn,21-Sep
1036,3897,f,9/22/2015,4059.01852,Autumn,22-Sep
1037,3897,f,9/23/2015,4544.351039,Autumn,23-Sep
1038,3897,f,9/24/2015,10016.63808,Autumn,24-Sep
1039,3897,f,9/25/2015,5261.85066,Autumn,25-Sep
1040,3897,f,9/26/2015,6320.25656,Autumn,26-Sep
1041,3897,f,9/27/2015,10806.8231,Autumn,27-Sep
1042,3897,f,9/28/2015,11033.18147,Autumn,28-Sep
1043,3897,f,10/20/2015,2723.514388,Autumn,20-Oct
1044,3897,f,10/21/2015,1933.037967,Autumn,21-Oct
1045,3897,f,10/22/2015,1341.931529,Autumn,22-Oct
1046,3897,f,10/23/2015,9283.617901,Autumn,23-Oct
1047,3897,f,10/24/2015,4738.509169,Autumn,24-Oct
1048,3897,f,10/25/2015,6871.097464,Autumn,25-Oct
1049,3897,f,10/26/2015,10352.51398,Autumn,26-Oct
1050,3897,f,10/27/2015,5484.316911,Autumn,27-Oct
1051,3897,f,10/28/2015,3622.455992,Autumn,28-Oct
1052,3897,f,10/29/2015,3250.949417,Autumn,29-Oct
1053,3897,f,10/30/2015,7473.279006,Autumn,30-Oct
1054,3897,f,10/31/2015,4154.191775,Autumn,31-Oct
1055,3897,f,11/1/2015,4483.422651,Autumn,1-Nov
1056,3898,m,5/20/2015,2625.397913,Spring,20-May
1057,3898,m,5/21/2015,8166.581609,Spring,21-May
1058,3898,m,5/22/2015,13290.59774,Spring,22-May
1059,3898,m,5/23/2015,15369.60245,Spring,23-May
1060,3898,m,5/24/2015,11091.49743,Spring,24-May
1061,3898,m,5/25/2015,10180.06235,Spring,25-May
1062,3898,m,5/26/2015,28667.83227,Spring,26-May
1063,3898,m,5/27/2015,20368.08723,Spring,27-May
1064,3898,m,5/28/2015,10700.43366,Spring,28-May
1065,3898,m,5/29/2015,9740.774899,Spring,29-May
1066,3898,m,5/30/2015,18555.98427,Spring,30-May
1067,3898,m,5/31/2015,13116.38746,Spring,31-May
1068,3898,m,6/1/2015,7127.975949,Spring,1-Jun
1069,3898,m,6/2/2015,13801.26412,Spring,2-Jun
1070,3898,m,6/3/2015,10657.98367,Spring,3-Jun
1071,3898,m,6/4/2015,11858.18584,Spring,4-Jun
1072,3898,m,6/5/2015,7617.866594,Spring,5-Jun
1073,3898,m,6/6/2015,9051.496454,Spring,6-Jun
1074,3898,m,6/7/2015,20969.01794,Spring,7-Jun
1075,3898,m,6/8/2015,10383.59599,Spring,8-Jun
1076,3898,m,6/9/2015,9504.910691,Spring,9-Jun
1077,3898,m,6/10/2015,10845.01271,Spring,10-Jun
1078,3898,m,6/11/2015,7037.619435,Spring,11-Jun
1079,3898,m,6/12/2015,11409.3563,Spring,12-Jun
1080,3898,m,6/13/2015,16135.5707,Spring,13-Jun
1081,3898,m,6/14/2015,14659.24817,Spring,14-Jun
1082,3898,m,6/15/2015,17185.05987,Spring,15-Jun
1083,3898,m,6/16/2015,12577.15638,Spring,16-Jun
1084,3898,m,6/17/2015,9464.797334,Spring,17-Jun
1085,3898,m,6/18/2015,10326.18003,Spring,18-Jun
1086,3898,m,6/19/2015,15507.70341,Spring,19-Jun
1087,3898,m,6/20/2015,11626.56444,Spring,20-Jun
1088,3898,m,6/21/2015,11315.72359,Spring,21-Jun
1089,3898,m,6/22/2015,10314.09932,Summer,22-Jun
1090,3898,m,6/23/2015,10244.33126,Summer,23-Jun
1091,3898,m,6/24/2015,12907.93237,Summer,24-Jun
1092,3898,m,6/25/2015,11631.42132,Summer,25-Jun
1093,3898,m,6/26/2015,8561.986657,Summer,26-Jun
1094,3898,m,6/27/2015,10456.61115,Summer,27-Jun
1095,3898,m,6/28/2015,12602.0363,Summer,28-Jun
1096,3898,m,6/29/2015,11162.26685,Summer,29-Jun
1097,3898,m,6/30/2015,11992.30414,Summer,30-Jun
1098,3898,m,7/1/2015,15439.85436,Summer,1-Jul
1099,3898,m,7/2/2015,17723.92644,Summer,2-Jul
1100,3898,m,7/3/2015,13092.50232,Summer,3-Jul
1101,3898,m,7/4/2015,10681.03525,Summer,4-Jul
1102,3898,m,7/5/2015,15820.94892,Summer,5-Jul
1103,3898,m,7/6/2015,13995.76913,Summer,6-Jul
1104,3898,m,7/7/2015,10473.43662,Summer,7-Jul
1105,3898,m,7/8/2015,11138.74748,Summer,8-Jul
1106,3898,m,7/9/2015,15619.83407,Summer,9-Jul
1107,3898,m,7/10/2015,9076.508774,Summer,10-Jul
1108,3898,m,7/11/2015,17605.10848,Summer,11-Jul
1109,3898,m,7/12/2015,18389.12801,Summer,12-Jul
1110,3898,m,7/13/2015,16582.30341,Summer,13-Jul
1111,3898,m,7/14/2015,19319.96322,Summer,14-Jul
1112,3898,m,7/15/2015,18459.43649,Summer,15-Jul
1113,3898,m,7/16/2015,12572.34967,Summer,16-Jul
1114,3898,m,7/17/2015,14253.40757,Summer,17-Jul
1115,3898,m,7/18/2015,16679.03688,Summer,18-Jul
1116,3898,m,7/19/2015,12089.25761,Summer,19-Jul
1117,3898,m,7/20/2015,18905.39204,Summer,20-Jul
1118,3898,m,7/21/2015,17251.2609,Summer,21-Jul
1119,3898,m,7/22/2015,11823.91024,Summer,22-Jul
1120,3898,m,7/23/2015,16005.30836,Summer,23-Jul
1121,3898,m,7/24/2015,13068.50443,Summer,24-Jul
1122,3898,m,7/25/2015,17645.8482,Summer,25-Jul
1123,3898,m,7/26/2015,24292.10349,Summer,26-Jul
1124,3898,m,7/27/2015,16469.21167,Summer,27-Jul
1125,3898,m,7/28/2015,17528.17301,Summer,28-Jul
1126,3898,m,7/29/2015,18482.23298,Summer,29-Jul
1127,3898,m,7/30/2015,14420.4606,Summer,30-Jul
1128,3898,m,7/31/2015,8088.176366,Summer,31-Jul
1129,3898,m,8/1/2015,15262.93497,Summer,1-Aug
1130,3898,m,8/2/2015,16251.25844,Summer,2-Aug
1131,3898,m,8/3/2015,11804.92791,Summer,3-Aug
1132,3898,m,8/4/2015,13684.07872,Summer,4-Aug
1133,3898,m,8/5/2015,9213.655926,Summer,5-Aug
1134,3898,m,8/6/2015,9682.464822,Summer,6-Aug
1135,3898,m,8/7/2015,5287.263637,Summer,7-Aug
1136,3899,f,5/13/2015,5358.378314,Spring,13-May
1137,3899,f,5/14/2015,5827.503841,Spring,14-May
1138,3899,f,5/15/2015,9935.667796,Spring,15-May
1139,3899,f,5/16/2015,6660.761064,Spring,16-May
1140,3899,f,5/17/2015,9692.970635,Spring,17-May
1141,3899,f,5/18/2015,10184.74298,Spring,18-May
1142,3899,f,5/19/2015,8382.210144,Spring,19-May
1143,3899,f,5/20/2015,10810.87532,Spring,20-May
1144,3899,f,5/21/2015,8196.243515,Spring,21-May
1145,3899,f,5/22/2015,8807.635088,Spring,22-May
1146,3899,f,5/23/2015,11318.34161,Spring,23-May
1147,3899,f,5/24/2015,4842.313751,Spring,24-May
1148,3899,f,5/25/2015,15781.63907,Spring,25-May
1149,3899,f,5/26/2015,17214.01243,Spring,26-May
1150,3899,f,5/27/2015,9479.637104,Spring,27-May
1151,3899,f,5/28/2015,14822.88624,Spring,28-May
1152,3899,f,5/29/2015,12686.71474,Spring,29-May
1153,3899,f,5/30/2015,15204.77167,Spring,30-May
1154,3899,f,5/31/2015,9393.722319,Spring,31-May
1155,3899,f,6/1/2015,19683.67868,Spring,1-Jun
1156,3899,f,6/2/2015,12674.12637,Spring,2-Jun
1157,3899,f,6/3/2015,14667.03915,Spring,3-Jun
1158,3899,f,6/4/2015,16677.96507,Spring,4-Jun
1159,3899,f,6/5/2015,14699.56501,Spring,5-Jun
1160,3899,f,6/6/2015,7593.121204,Spring,6-Jun
1161,3899,f,6/7/2015,11867.35486,Spring,7-Jun
1162,3899,f,6/8/2015,16624.65951,Spring,8-Jun
1163,3899,f,6/9/2015,16632.49798,Spring,9-Jun
1164,3899,f,6/10/2015,10495.55425,Spring,10-Jun
1165,3899,f,6/11/2015,9620.237924,Spring,11-Jun
1166,3899,f,6/12/2015,13280.72086,Spring,12-Jun
1167,3899,f,6/13/2015,11683.59093,Spring,13-Jun
1168,3899,f,6/14/2015,10312.78162,Spring,14-Jun
1169,3899,f,6/15/2015,8383.233365,Spring,15-Jun
1170,3899,f,6/16/2015,12626.02181,Spring,16-Jun
1171,3899,f,6/17/2015,9339.255522,Spring,17-Jun
1172,3899,f,6/18/2015,8741.531126,Spring,18-Jun
1173,3899,f,6/19/2015,8890.490523,Spring,19-Jun
1174,3899,f,6/20/2015,11867.1014,Spring,20-Jun
1175,3899,f,6/21/2015,7624.415184,Spring,21-Jun
1176,3899,f,6/22/2015,14254.70931,Summer,22-Jun
1177,3899,f,6/23/2015,8719.157667,Summer,23-Jun
1178,3899,f,6/24/2015,9815.944066,Summer,24-Jun
1179,3899,f,6/25/2015,8754.684768,Summer,25-Jun
1180,3899,f,6/26/2015,12130.27679,Summer,26-Jun
1181,3899,f,6/27/2015,9781.225146,Summer,27-Jun
1182,3899,f,6/28/2015,16128.6979,Summer,28-Jun
1183,3899,f,6/29/2015,15645.41761,Summer,29-Jun
1184,3899,f,6/30/2015,10206.29173,Summer,30-Jun
1185,3899,f,7/1/2015,9135.146134,Summer,1-Jul
1186,3899,f,7/2/2015,12821.58559,Summer,2-Jul
1187,3899,f,7/3/2015,11499.08542,Summer,3-Jul
1188,3899,f,7/4/2015,12738.7443,Summer,4-Jul
1189,3899,f,7/5/2015,5226.454052,Summer,5-Jul
1190,3899,f,7/6/2015,20186.73086,Summer,6-Jul
1191,3899,f,7/7/2015,15839.92333,Summer,7-Jul
1192,3899,f,7/8/2015,13339.31437,Summer,8-Jul
1193,3899,f,7/9/2015,15113.51327,Summer,9-Jul
1194,3899,f,7/10/2015,16206.39321,Summer,10-Jul
1195,3899,f,7/11/2015,21912.22161,Summer,11-Jul
1196,3899,f,7/12/2015,12241.98084,Summer,12-Jul
1197,3899,f,7/13/2015,4374.201636,Summer,13-Jul
1198,3899,f,7/14/2015,12117.71966,Summer,14-Jul
1199,3899,f,7/15/2015,16594.30817,Summer,15-Jul
1200,3899,f,7/16/2015,15102.66462,Summer,16-Jul
1201,3899,f,7/17/2015,10055.75298,Summer,17-Jul
1202,3899,f,7/18/2015,9885.532866,Summer,18-Jul
1203,3899,f,7/19/2015,11656.26589,Summer,19-Jul
1204,3899,f,7/20/2015,5859.140002,Summer,20-Jul
1205,3899,f,7/21/2015,12455.04386,Summer,21-Jul
1206,3899,f,7/22/2015,14911.07289,Summer,22-Jul
1207,3899,f,7/23/2015,8318.561141,Summer,23-Jul
1208,3899,f,7/24/2015,5118.359896,Summer,24-Jul
1209,3899,f,7/25/2015,12452.62769,Summer,25-Jul
1210,3899,f,7/26/2015,11135.50705,Summer,26-Jul
1211,3899,f,7/27/2015,11973.56797,Summer,27-Jul
1212,3899,f,7/28/2015,14997.22904,Summer,28-Jul
1213,3899,f,7/29/2015,11927.14867,Summer,29-Jul
1214,3899,f,7/30/2015,7155.794246,Summer,30-Jul
1215,3899,f,7/31/2015,17317.71344,Summer,31-Jul
1216,3899,f,8/1/2015,12205.31996,Summer,1-Aug
1217,3899,f,8/2/2015,9294.768168,Summer,2-Aug
1218,3899,f,8/3/2015,9199.944769,Summer,3-Aug
1219,3899,f,8/4/2015,9921.684149,Summer,4-Aug
1220,3899,f,8/5/2015,11179.41608,Summer,5-Aug
1221,3899,f,8/6/2015,9895.530918,Summer,6-Aug
1222,3899,f,8/7/2015,12244.24779,Summer,7-Aug
1223,3899,f,8/8/2015,5362.951982,Summer,8-Aug
1224,3899,f,8/9/2015,18718.78461,Summer,9-Aug
1225,3899,f,8/10/2015,7442.945751,Summer,10-Aug
1226,3899,f,8/11/2015,17065.69423,Summer,11-Aug
1227,3899,f,8/12/2015,5477.15524,Summer,12-Aug
1228,3899,f,8/13/2015,4724.578341,Summer,13-Aug
1229,3899,f,8/14/2015,5854.048409,Summer,14-Aug
1230,3899,f,8/15/2015,6019.144803,Summer,15-Aug
1231,3899,f,8/16/2015,5563.099461,Summer,16-Aug
1232,3899,f,8/17/2015,3273.145028,Summer,17-Aug
1233,3899,f,8/18/2015,8203.637967,Summer,18-Aug
1234,3899,f,8/19/2015,11299.98021,Summer,19-Aug
1235,3899,f,8/20/2015,12993.50114,Summer,20-Aug
1236,3899,f,8/21/2015,7993.877932,Summer,21-Aug
1237,3899,f,8/22/2015,5213.777951,Summer,22-Aug
1238,3899,f,8/23/2015,4518.141941,Summer,23-Aug
1239,3899,f,8/24/2015,4461.003445,Summer,24-Aug
1240,3899,f,8/25/2015,11409.53673,Summer,25-Aug
1241,3899,f,8/26/2015,9200.891813,Summer,26-Aug
1242,3899,f,8/27/2015,4085.37624,Summer,27-Aug
1243,3899,f,8/28/2015,8503.361441,Summer,28-Aug
1244,3899,f,8/29/2015,7928.980186,Summer,29-Aug
1245,3899,f,8/30/2015,5916.445149,Summer,30-Aug
1246,3899,f,8/31/2015,5187.12405,Summer,31-Aug
1247,3899,f,9/1/2015,4770.965042,Summer,1-Sep
1248,3899,f,9/2/2015,6812.777952,Summer,2-Sep
1249,3899,f,9/3/2015,8733.419803,Summer,3-Sep
1250,3899,f,9/4/2015,3941.109053,Summer,4-Sep
1251,3899,f,9/5/2015,6964.616437,Summer,5-Sep
1252,3899,f,9/6/2015,7840.945925,Summer,6-Sep
1253,3899,f,9/7/2015,7698.36261,Summer,7-Sep
1254,3899,f,9/8/2015,13293.73477,Summer,8-Sep
1255,3899,f,9/9/2015,7530.762413,Summer,9-Sep
1256,3899,f,9/10/2015,6437.559034,Summer,10-Sep
1257,3899,f,9/11/2015,6649.847108,Summer,11-Sep
1258,3899,f,9/12/2015,5129.924153,Summer,12-Sep
1259,3899,f,9/13/2015,4329.923288,Summer,13-Sep
1260,4043,f,2/17/2016,5201.440227,Winter,17-Feb
1261,4043,f,2/18/2016,3885.619855,Winter,18-Feb
1262,4043,f,2/19/2016,5381.406645,Winter,19-Feb
1263,4043,f,2/20/2016,9621.200833,Winter,20-Feb
1264,4043,f,2/21/2016,4843.058174,Winter,21-Feb
1265,4043,f,2/22/2016,4279.491433,Winter,22-Feb
1266,4043,f,2/23/2016,3539.348271,Winter,23-Feb
1267,4043,f,2/24/2016,4072.326724,Winter,24-Feb
1268,4043,f,2/25/2016,4239.274628,Winter,25-Feb
1269,4043,f,2/26/2016,4781.594907,Winter,26-Feb
1270,4043,f,2/27/2016,3574.837287,Winter,27-Feb
1271,4043,f,2/28/2016,5235.059772,Winter,28-Feb
1272,4043,f,2/29/2016,4700.815477,Winter,29-Feb
1273,4043,f,3/1/2016,6454.707069,Winter,1-Mar
1274,4043,f,3/2/2016,5874.24568,Winter,2-Mar
1275,4043,f,3/3/2016,4291.163281,Winter,3-Mar
1276,4043,f,3/4/2016,2767.22136,Winter,4-Mar
1277,4043,f,3/5/2016,3332.60972,Winter,5-Mar
1278,4043,f,3/6/2016,4817.873386,Winter,6-Mar
1279,4043,f,3/7/2016,4390.272379,Winter,7-Mar
1280,4043,f,3/8/2016,4260.12956,Winter,8-Mar
1281,4043,f,3/9/2016,3142.375779,Winter,9-Mar
1282,4043,f,3/10/2016,2970.423701,Winter,10-Mar
1283,4043,f,3/11/2016,5595.26282,Winter,11-Mar
1284,4043,f,3/12/2016,14069.20399,Winter,12-Mar
1285,4043,f,3/13/2016,1919.401987,Winter,13-Mar
1286,4043,f,3/14/2016,9192.906974,Winter,14-Mar
1287,4043,f,3/15/2016,5629.917039,Winter,15-Mar
1288,4043,f,3/16/2016,8029.925733,Winter,16-Mar
1289,4043,f,3/17/2016,7805.481852,Winter,17-Mar
1290,4043,f,3/18/2016,5560.383685,Winter,18-Mar
1291,4043,f,3/19/2016,4417.857893,Winter,19-Mar
1292,4043,f,3/20/2016,8779.31423,Winter,20-Mar
1293,4043,f,3/21/2016,11213.68299,Spring,21-Mar
1294,4043,f,3/22/2016,16984.6123,Spring,22-Mar
1295,4043,f,3/23/2016,5906.262143,Spring,23-Mar
1296,4043,f,3/24/2016,12823.16654,Spring,24-Mar
1297,4043,f,3/25/2016,8862.879357,Spring,25-Mar
1298,4043,f,3/26/2016,7704.666204,Spring,26-Mar
1299,4043,f,3/27/2016,13459.60592,Spring,27-Mar
1300,4043,f,3/28/2016,6100.77745,Spring,28-Mar
1301,4043,f,3/29/2016,7947.400808,Spring,29-Mar
1302,4043,f,3/30/2016,17473.59462,Spring,30-Mar
1303,4043,f,3/31/2016,8885.405921,Spring,31-Mar
1304,4043,f,4/1/2016,8425.080986,Spring,1-Apr
1305,4043,f,4/2/2016,14686.06765,Spring,2-Apr
1306,4043,f,4/3/2016,22201.0116,Spring,3-Apr
1307,4043,f,4/4/2016,3997.357247,Spring,4-Apr
1308,4044,f,4/19/2016,20653.25073,Spring,19-Apr
1309,4044,f,4/20/2016,16657.60002,Spring,20-Apr
1310,4044,f,4/21/2016,12521.80121,Spring,21-Apr
1311,4044,f,4/22/2016,11699.68248,Spring,22-Apr
1312,4044,f,4/23/2016,17992.97518,Spring,23-Apr
1313,4044,f,4/24/2016,15177.96354,Spring,24-Apr
1314,4044,f,4/25/2016,12496.32094,Spring,25-Apr
1315,4044,f,4/26/2016,12492.28526,Spring,26-Apr
1316,4044,f,4/27/2016,13124.07827,Spring,27-Apr
1317,4044,f,4/28/2016,16170.68339,Spring,28-Apr
1318,4044,f,4/29/2016,22130.50393,Spring,29-Apr
1319,4044,f,4/30/2016,15992.92933,Spring,30-Apr
1320,4044,f,5/1/2016,10925.15074,Spring,1-May
1321,4044,f,5/2/2016,7178.445102,Spring,2-May
1322,4044,f,5/3/2016,10807.41214,Spring,3-May
1323,4044,f,5/4/2016,8891.291942,Spring,4-May
1324,4044,f,5/5/2016,10685.59034,Spring,5-May
1325,4044,f,5/6/2016,7483.335257,Spring,6-May
1326,4044,f,5/7/2016,11526.35301,Spring,7-May
1327,4044,f,5/8/2016,11175.97518,Spring,8-May
1328,4044,f,5/9/2016,11822.49494,Spring,9-May
1329,4044,f,5/10/2016,7028.183401,Spring,10-May
1330,4044,f,5/11/2016,7978.017603,Spring,11-May
1331,4044,f,5/12/2016,6886.766462,Spring,12-May
1332,4044,f,5/13/2016,8188.86974,Spring,13-May
1333,4044,f,5/14/2016,14585.57626,Spring,14-May
1334,4044,f,5/15/2016,3816.251809,Spring,15-May
1335,4045,m,4/19/2016,3693.679297,Spring,19-Apr
1336,4045,m,4/20/2016,9976.917126,Spring,20-Apr
1337,4045,m,4/21/2016,12762.53624,Spring,21-Apr
1338,4045,m,4/22/2016,18091.95473,Spring,22-Apr
1339,4045,m,4/23/2016,3446.455109,Spring,23-Apr
1340,4045,m,4/24/2016,4113.41716,Spring,24-Apr
1341,4045,m,4/25/2016,2991.13989,Spring,25-Apr
1342,4045,m,4/26/2016,3521.437583,Spring,26-Apr
1343,4045,m,4/27/2016,3346.675214,Spring,27-Apr
1344,4045,m,4/28/2016,3285.0154,Spring,28-Apr
1345,4045,m,4/29/2016,3062.657985,Spring,29-Apr
1346,4045,m,4/30/2016,3955.278689,Spring,30-Apr
1347,4045,m,5/1/2016,2931.08419,Spring,1-May
1348,4045,m,5/2/2016,3784.11979,Spring,2-May
1349,4045,m,5/3/2016,5503.955269,Spring,3-May
1350,4045,m,5/4/2016,3666.154862,Spring,4-May
1351,4045,m,5/5/2016,5286.149524,Spring,5-May
1352,4045,m,5/6/2016,5688.788502,Spring,6-May
1353,4045,m,5/7/2016,3224.154854,Spring,7-May
1354,4045,m,5/8/2016,3794.572501,Spring,8-May
1355,4045,m,5/9/2016,3796.125567,Spring,9-May
1356,4045,m,5/10/2016,3457.582462,Spring,10-May
1357,4045,m,5/11/2016,4093.036445,Spring,11-May
1358,4045,m,5/12/2016,3725.63249,Spring,12-May
1359,4045,m,5/13/2016,3416.332073,Spring,13-May
1360,4045,m,5/14/2016,3032.615386,Spring,14-May
1361,4045,m,5/15/2016,3688.21877,Spring,15-May
1362,4045,m,5/16/2016,3348.828736,Spring,16-May
1363,4046,f,6/5/2016,1922.05953,Spring,5-Jun
1364,4046,f,6/6/2016,6963.819964,Spring,6-Jun
1365,4046,f,6/7/2016,4514.548202,Spring,7-Jun
1366,4046,f,6/8/2016,14327.87215,Spring,8-Jun
1367,4046,f,6/9/2016,8913.742135,Spring,9-Jun
1368,4046,f,6/10/2016,8101.19731,Spring,10-Jun
1369,4046,f,6/11/2016,5991.059564,Spring,11-Jun
1370,4046,f,6/12/2016,7307.260629,Spring,12-Jun
1371,4046,f,6/13/2016,7334.052936,Spring,13-Jun
1372,4046,f,6/14/2016,8651.744772,Spring,14-Jun
1373,4046,f,6/15/2016,10123.16289,Spring,15-Jun
1374,4046,f,6/16/2016,6706.246407,Spring,16-Jun
1375,4046,f,6/17/2016,5525.312745,Spring,17-Jun
1376,4046,f,6/18/2016,11535.86319,Spring,18-Jun
1377,4046,f,6/19/2016,5578.873764,Spring,19-Jun
1378,4046,f,6/20/2016,6252.314879,Spring,20-Jun
1379,4046,f,6/21/2016,9951.55675,Spring,21-Jun
1380,4046,f,6/22/2016,9115.265915,Summer,22-Jun
1381,4046,f,6/23/2016,11894.50555,Summer,23-Jun
1382,4046,f,6/24/2016,10046.00476,Summer,24-Jun
1383,4046,f,6/25/2016,8313.364956,Summer,25-Jun
1384,4046,f,6/26/2016,13760.97066,Summer,26-Jun
1385,4046,f,6/27/2016,5555.78637,Summer,27-Jun
1386,4046,f,6/28/2016,9072.795747,Summer,28-Jun
1387,4046,f,6/29/2016,7079.7069,Summer,29-Jun
1388,4046,f,6/30/2016,10652.11712,Summer,30-Jun
1389,4046,f,7/1/2016,7901.484432,Summer,1-Jul
1390,4046,f,7/2/2016,8588.372833,Summer,2-Jul
1391,4046,f,7/3/2016,7710.257548,Summer,3-Jul
1392,4046,f,7/4/2016,6523.880467,Summer,4-Jul
1393,4046,f,7/5/2016,8128.489916,Summer,5-Jul
1394,4046,f,7/6/2016,14078.96189,Summer,6-Jul
1395,4046,f,7/7/2016,5450.726614,Summer,7-Jul
1396,4046,f,7/8/2016,12558.06732,Summer,8-Jul
1397,4046,f,7/9/2016,5352.233223,Summer,9-Jul
1398,4046,f,7/10/2016,9334.787395,Summer,10-Jul
1399,4046,f,7/11/2016,7032.801505,Summer,11-Jul
1400,4046,f,7/12/2016,12608.96618,Summer,12-Jul
1401,4046,f,7/13/2016,8960.308182,Summer,13-Jul
1402,4046,f,7/14/2016,9425.015023,Summer,14-Jul
1403,4046,f,7/15/2016,9997.689868,Summer,15-Jul
1404,4046,f,7/16/2016,7601.998907,Summer,16-Jul
1405,4046,f,7/17/2016,9038.73376,Summer,17-Jul
1406,4046,f,7/18/2016,9208.961945,Summer,18-Jul
1407,4046,f,7/19/2016,6549.378462,Summer,19-Jul
1408,4046,f,7/20/2016,8684.800899,Summer,20-Jul
1409,4046,f,7/21/2016,6491.712677,Summer,21-Jul
1410,4046,f,7/22/2016,9002.703111,Summer,22-Jul
1411,4046,f,7/23/2016,6955.379591,Summer,23-Jul
1412,4046,f,7/24/2016,12493.46979,Summer,24-Jul
1413,4046,f,7/25/2016,7130.312906,Summer,25-Jul
1414,4046,f,7/26/2016,10825.22308,Summer,26-Jul
1415,4046,f,7/27/2016,8516.797326,Summer,27-Jul
1416,4046,f,7/28/2016,7000.360456,Summer,28-Jul
1417,4046,f,7/29/2016,6993.074666,Summer,29-Jul
1418,4046,f,7/30/2016,7665.454189,Summer,30-Jul
1419,4046,f,7/31/2016,7507.325093,Summer,31-Jul
1420,4046,f,8/1/2016,8937.470704,Summer,1-Aug
1421,4046,f,8/2/2016,11573.95072,Summer,2-Aug
1422,4046,f,8/3/2016,5567.971499,Summer,3-Aug
1423,4046,f,8/4/2016,9690.838729,Summer,4-Aug
1424,4046,f,8/5/2016,12871.83986,Summer,5-Aug
1425,4046,f,8/6/2016,11970.60119,Summer,6-Aug
1426,4046,f,8/7/2016,9972.663766,Summer,7-Aug
1427,4046,f,8/8/2016,10970.17513,Summer,8-Aug
1428,4046,f,8/9/2016,6415.805949,Summer,9-Aug
1429,4046,f,8/10/2016,8227.643475,Summer,10-Aug
1430,4046,f,8/11/2016,6208.131156,Summer,11-Aug
1431,4846,m,7/9/2016,5491.750076,Summer,9-Jul
1432,4846,m,7/10/2016,7061.975549,Summer,10-Jul
1433,4846,m,7/11/2016,7691.280342,Summer,11-Jul
1434,4846,m,7/12/2016,9793.0014,Summer,12-Jul
1435,4846,m,7/13/2016,9468.193519,Summer,13-Jul
1436,4846,m,7/14/2016,7914.702519,Summer,14-Jul
1437,4846,m,7/15/2016,11884.42158,Summer,15-Jul
1438,4846,m,7/16/2016,12547.70539,Summer,16-Jul
1439,4846,m,7/17/2016,8247.698406,Summer,17-Jul
1440,4846,m,7/18/2016,7577.899119,Summer,18-Jul
1441,4846,m,7/19/2016,9039.506,Summer,19-Jul
1442,4846,m,7/20/2016,9783.837958,Summer,20-Jul
1443,4846,m,7/21/2016,6198.570467,Summer,21-Jul
1444,4846,m,7/22/2016,5461.347728,Summer,22-Jul
1445,4846,m,7/23/2016,9284.769918,Summer,23-Jul
1446,4846,m,7/24/2016,9497.483915,Summer,24-Jul
1447,4846,m,7/25/2016,10366.31481,Summer,25-Jul
1448,4846,m,7/26/2016,8071.969554,Summer,26-Jul
1449,4846,m,7/27/2016,9885.669475,Summer,27-Jul
1450,4846,m,7/28/2016,2826.051561,Summer,28-Jul
1451,4848,f,12/12/2016,1267.734594,Autumn,12-Dec
1452,4848,f,12/13/2016,4043.68384,Autumn,13-Dec
1453,4848,f,12/14/2016,8678.3059,Autumn,14-Dec
1454,4848,f,12/15/2016,6610.240487,Autumn,15-Dec
1455,4848,f,12/16/2016,6435.414236,Autumn,16-Dec
1456,4848,f,12/17/2016,8969.540902,Autumn,17-Dec
1457,4848,f,12/18/2016,7264.147725,Autumn,18-Dec
1458,4848,f,12/19/2016,4551.384919,Autumn,19-Dec
1459,4848,f,12/20/2016,9480.79631,Autumn,20-Dec
1460,4848,f,12/21/2016,10044.70971,Autumn,21-Dec
1461,4848,f,12/22/2016,9874.790148,Winter,22-Dec
1462,4848,f,12/23/2016,8451.375173,Winter,23-Dec
1463,4848,f,12/24/2016,11694.6026,Winter,24-Dec
1464,4848,f,12/25/2016,6768.402888,Winter,25-Dec
1465,4848,f,12/26/2016,11894.06422,Winter,26-Dec
1466,4848,f,12/27/2016,10859.4455,Winter,27-Dec
1467,4848,f,12/28/2016,10658.59233,Winter,28-Dec
1468,4848,f,12/29/2016,6753.65998,Winter,29-Dec
1469,4848,f,12/30/2016,10710.13043,Winter,30-Dec
1470,4848,f,12/31/2016,12770.75011,Winter,31-Dec
1471,4848,f,1/1/2017,12325.65074,Winter,1-Jan
1472,4848,f,1/2/2017,10391.38539,Winter,2-Jan
1473,4848,f,1/3/2017,5998.023315,Winter,3-Jan
1474,4848,f,1/4/2017,5441.361307,Winter,4-Jan
1475,4848,f,1/5/2017,4350.358816,Winter,5-Jan
1476,4848,f,1/6/2017,5046.604463,Winter,6-Jan
1477,4848,f,1/7/2017,3924.562876,Winter,7-Jan
1478,4848,f,1/8/2017,7910.782456,Winter,8-Jan
1479,4848,f,1/9/2017,5846.865314,Winter,9-Jan
1480,4848,f,1/10/2017,6303.163559,Winter,10-Jan
1481,4848,f,1/11/2017,9322.341739,Winter,11-Jan
1482,4848,f,1/12/2017,5609.99402,Winter,12-Jan
1483,4848,f,1/13/2017,10777.58923,Winter,13-Jan
1484,4848,f,1/14/2017,14491.66527,Winter,14-Jan
1485,4848,f,1/15/2017,12538.47547,Winter,15-Jan
1486,4848,f,1/16/2017,7197.024366,Winter,16-Jan
1487,4848,f,1/17/2017,4825.183809,Winter,17-Jan
1488,4848,f,1/18/2017,3021.862233,Winter,18-Jan
1489,4848,f,1/19/2017,4075.267001,Winter,19-Jan
1490,4848,f,1/20/2017,7711.773626,Winter,20-Jan
1491,4848,f,1/21/2017,6512.115278,Winter,21-Jan
1492,4848,f,1/22/2017,7129.083064,Winter,22-Jan
1493,4848,f,1/23/2017,6919.708737,Winter,23-Jan
1494,4848,f,1/24/2017,6491.312855,Winter,24-Jan
1495,4848,f,1/25/2017,4934.263361,Winter,25-Jan
1496,4848,f,1/26/2017,10720.40786,Winter,26-Jan
1497,4848,f,1/27/2017,5775.079856,Winter,27-Jan
1498,4848,f,1/28/2017,9138.856394,Winter,28-Jan
1499,4848,f,1/29/2017,8976.282965,Winter,29-Jan
1500,4848,f,1/30/2017,10911.50369,Winter,30-Jan
1501,4848,f,1/31/2017,7079.358556,Winter,31-Jan
1502,4848,f,2/1/2017,8989.050361,Winter,1-Feb
1503,4848,f,2/2/2017,8500.151416,Winter,2-Feb
1504,4848,f,2/3/2017,8103.450783,Winter,3-Feb
1505,4848,f,2/4/2017,8892.07145,Winter,4-Feb
1506,4848,f,2/5/2017,4364.900727,Winter,5-Feb
1507,4848,f,2/6/2017,9373.533608,Winter,6-Feb
1508,4848,f,2/7/2017,5563.003338,Winter,7-Feb
1509,4848,f,2/8/2017,5361.542959,Winter,8-Feb
1510,4848,f,2/9/2017,6384.127478,Winter,9-Feb
1511,4848,f,2/10/2017,8245.741889,Winter,10-Feb
1512,4848,f,2/11/2017,6784.193533,Winter,11-Feb
1513,4848,f,2/12/2017,3906.633687,Winter,12-Feb
1514,4848,f,2/13/2017,6553.759561,Winter,13-Feb
1515,4848,f,2/14/2017,5970.307282,Winter,14-Feb
1516,4848,f,2/15/2017,6618.462781,Winter,15-Feb
1517,4848,f,2/16/2017,9152.636641,Winter,16-Feb
1518,4848,f,2/17/2017,4704.175204,Winter,17-Feb
1519,4848,f,2/18/2017,7945.534854,Winter,18-Feb
1520,4848,f,2/19/2017,8340.665906,Winter,19-Feb
1521,4848,f,2/20/2017,6251.27136,Winter,20-Feb
1522,4848,f,2/21/2017,10813.21572,Winter,21-Feb
1523,4848,f,2/22/2017,11626.82117,Winter,22-Feb
1524,4848,f,2/23/2017,8173.127506,Winter,23-Feb
1525,4848,f,2/24/2017,5360.263833,Winter,24-Feb
1526,4848,f,2/25/2017,7728.651932,Winter,25-Feb
1527,4848,f,2/26/2017,9939.573032,Winter,26-Feb
1528,4848,f,2/27/2017,3631.101572,Winter,27-Feb
1529,4848,f,2/28/2017,11559.40538,Winter,28-Feb
1530,4848,f,3/1/2017,7777.65601,Winter,1-Mar
1531,4848,f,3/2/2017,5580.895235,Winter,2-Mar
1532,4848,f,3/3/2017,5217.682808,Winter,3-Mar
1533,4848,f,3/4/2017,5388.414064,Winter,4-Mar
1534,4848,f,3/5/2017,3773.835623,Winter,5-Mar
1535,4848,f,3/6/2017,6417.028501,Winter,6-Mar
1536,4848,f,3/7/2017,8856.987044,Winter,7-Mar
1537,4848,f,3/8/2017,6629.409027,Winter,8-Mar
1538,4848,f,3/9/2017,5075.861587,Winter,9-Mar
1539,4848,f,3/10/2017,6841.278933,Winter,10-Mar
1540,4848,f,3/11/2017,4781.562893,Winter,11-Mar
1541,4848,f,3/12/2017,6065.752174,Winter,12-Mar
1542,4848,f,3/13/2017,7417.215483,Winter,13-Mar
1543,4848,f,3/14/2017,3625.584481,Winter,14-Mar
1544,4848,f,3/15/2017,4434.680417,Winter,15-Mar
1545,4848,f,3/16/2017,7266.84249,Winter,16-Mar
1546,4848,f,3/17/2017,3755.852926,Winter,17-Mar
1547,4848,f,3/18/2017,6723.334583,Winter,18-Mar
1548,4848,f,3/19/2017,10642.1329,Winter,19-Mar
1549,4848,f,3/20/2017,9212.835159,Winter,20-Mar
1550,4848,f,3/21/2017,7397.739679,Spring,21-Mar
1551,4848,f,3/22/2017,8828.517015,Spring,22-Mar
1552,4848,f,3/23/2017,4348.033557,Spring,23-Mar
1553,4848,f,3/24/2017,9215.912397,Spring,24-Mar
1554,4848,f,3/25/2017,13678.82464,Spring,25-Mar
1555,4848,f,3/26/2017,9871.996916,Spring,26-Mar
1556,4848,f,3/27/2017,8753.339047,Spring,27-Mar
1557,4848,f,3/28/2017,7411.586135,Spring,28-Mar
1558,4848,f,3/29/2017,7702.785539,Spring,29-Mar
1559,4848,f,3/30/2017,5746.378588,Spring,30-Mar
1560,4848,f,3/31/2017,8885.020122,Spring,31-Mar
1561,4848,f,4/1/2017,7556.811933,Spring,1-Apr
1562,4848,f,4/2/2017,10073.03281,Spring,2-Apr
1563,4848,f,4/3/2017,6749.019438,Spring,3-Apr
1564,4848,f,4/4/2017,5668.395221,Spring,4-Apr
1565,4848,f,4/5/2017,7116.440858,Spring,5-Apr
1566,4848,f,4/6/2017,9249.590029,Spring,6-Apr
1567,4848,f,4/7/2017,10570.80728,Spring,7-Apr
1568,4848,f,4/8/2017,9083.14109,Spring,8-Apr
1569,4848,f,4/9/2017,9847.831423,Spring,9-Apr
1570,4848,f,4/10/2017,11473.67321,Spring,10-Apr
1571,4848,f,4/11/2017,9128.895327,Spring,11-Apr
1572,4848,f,4/12/2017,13889.84742,Spring,12-Apr
1573,4848,f,4/13/2017,12595.77677,Spring,13-Apr
1574,4848,f,4/14/2017,10175.96456,Spring,14-Apr
1575,4848,f,4/15/2017,13287.70495,Spring,15-Apr
1576,4848,f,4/16/2017,8317.312583,Spring,16-Apr
1577,4848,f,4/17/2017,7272.810625,Spring,17-Apr
1578,4848,f,4/18/2017,6728.288247,Spring,18-Apr
1579,4848,f,4/19/2017,7903.285456,Spring,19-Apr
1580,4848,f,4/20/2017,9110.268549,Spring,20-Apr
1581,4848,f,4/21/2017,8337.28269,Spring,21-Apr
1582,4848,f,4/22/2017,9879.014587,Spring,22-Apr
1583,4848,f,4/23/2017,7930.228481,Spring,23-Apr
1584,4848,f,4/24/2017,10277.0166,Spring,24-Apr
1585,4848,f,4/25/2017,8158.772209,Spring,25-Apr
1586,4848,f,4/26/2017,8873.635526,Spring,26-Apr
1587,4848,f,4/27/2017,7595.915224,Spring,27-Apr
1588,4848,f,4/28/2017,10143.8498,Spring,28-Apr
1589,4848,f,4/29/2017,10285.72905,Spring,29-Apr
1590,4848,f,4/30/2017,8237.240046,Spring,30-Apr
1591,4848,f,5/1/2017,11142.61844,Spring,1-May
1592,4848,f,5/2/2017,11286.70818,Spring,2-May
1593,4848,f,5/3/2017,12435.04257,Spring,3-May
1594,4848,f,5/4/2017,3665.137793,Spring,4-May
1595,5158,NULL,6/7/2016,0,Spring,7-Jun
1596,5158,NULL,6/8/2016,1696.29475,Spring,8-Jun
1597,5158,NULL,6/9/2016,2545.845193,Spring,9-Jun
1598,5158,NULL,6/10/2016,2118.258695,Spring,10-Jun
1599,5158,NULL,6/11/2016,1866.933065,Spring,11-Jun
1600,5158,NULL,6/12/2016,1822.299235,Spring,12-Jun
1601,5158,NULL,6/13/2016,3042.297665,Spring,13-Jun
1602,5158,NULL,6/14/2016,2192.567317,Spring,14-Jun
1603,5158,NULL,6/15/2016,2407.047977,Spring,15-Jun
1604,5158,NULL,6/16/2016,2042.117182,Spring,16-Jun
1605,5158,NULL,6/17/2016,2050.928508,Spring,17-Jun
1606,5158,NULL,6/18/2016,3415.513796,Spring,18-Jun
1607,5158,NULL,6/19/2016,3478.180065,Spring,19-Jun
1608,5158,NULL,6/20/2016,4073.832233,Spring,20-Jun
1609,5158,NULL,6/21/2016,4414.124601,Spring,21-Jun
1610,5158,NULL,6/22/2016,5043.426113,Summer,22-Jun
1611,5158,NULL,6/23/2016,4676.102889,Summer,23-Jun
1612,5158,NULL,6/24/2016,5422.416004,Summer,24-Jun
1613,5158,NULL,6/25/2016,5225.132598,Summer,25-Jun
1614,5158,NULL,6/26/2016,7549.98296,Summer,26-Jun
1615,5158,NULL,6/27/2016,2730.997365,Summer,27-Jun
1616,5158,NULL,6/28/2016,5432.291257,Summer,28-Jun
1617,5158,NULL,6/29/2016,4132.353625,Summer,29-Jun
1618,5158,NULL,6/30/2016,3871.775124,Summer,30-Jun
1619,5158,NULL,7/1/2016,4271.989305,Summer,1-Jul
1620,5158,NULL,7/2/2016,6968.59947,Summer,2-Jul
1621,5158,NULL,7/3/2016,6019.164946,Summer,3-Jul
1622,5158,NULL,7/4/2016,5007.697544,Summer,4-Jul
1623,5158,NULL,7/5/2016,6061.464195,Summer,5-Jul
1624,5158,NULL,7/6/2016,5902.631307,Summer,6-Jul
1625,5158,NULL,7/7/2016,5056.439267,Summer,7-Jul
1626,5158,NULL,7/8/2016,4792.596373,Summer,8-Jul
1627,5158,NULL,7/9/2016,4137.637576,Summer,9-Jul
1628,5158,NULL,7/10/2016,6650.627808,Summer,10-Jul
1629,5158,NULL,7/11/2016,3059.398367,Summer,11-Jul
1630,5158,NULL,7/12/2016,4235.946084,Summer,12-Jul
1631,5158,NULL,7/13/2016,4895.623831,Summer,13-Jul
1632,5158,NULL,7/14/2016,5738.210954,Summer,14-Jul
1633,5158,NULL,7/15/2016,5220.452641,Summer,15-Jul
1634,5158,NULL,7/16/2016,5786.788229,Summer,16-Jul
1635,5158,NULL,7/17/2016,5461.129113,Summer,17-Jul
1636,5158,NULL,7/18/2016,5336.447969,Summer,18-Jul
1637,5158,NULL,7/19/2016,5634.596249,Summer,19-Jul
1638,5158,NULL,7/20/2016,5373.408118,Summer,20-Jul
1639,5158,NULL,7/21/2016,4817.663504,Summer,21-Jul
1640,5158,NULL,7/22/2016,4941.690341,Summer,22-Jul
1641,5158,NULL,7/23/2016,6580.412756,Summer,23-Jul
1642,5158,NULL,7/24/2016,5610.940456,Summer,24-Jul
1643,5158,NULL,7/25/2016,4961.960159,Summer,25-Jul
1644,5158,NULL,7/26/2016,4936.999056,Summer,26-Jul
1645,5158,NULL,7/27/2016,5278.561895,Summer,27-Jul
1646,5158,NULL,7/28/2016,4330.15125,Summer,28-Jul
1647,5158,NULL,7/29/2016,4764.907335,Summer,29-Jul
1648,5158,NULL,7/30/2016,7102.799551,Summer,30-Jul
1649,5158,NULL,7/31/2016,6470.952101,Summer,31-Jul
1650,5158,NULL,8/1/2016,5085.335998,Summer,1-Aug
1651,5158,NULL,8/2/2016,5740.921962,Summer,2-Aug
1652,5158,NULL,8/3/2016,5422.941192,Summer,3-Aug
1653,5158,NULL,8/4/2016,2345.395281,Summer,4-Aug
1654,5158,NULL,8/5/2016,4794.214064,Summer,5-Aug
1655,5158,NULL,8/6/2016,4680.311168,Summer,6-Aug
1656,5158,NULL,8/7/2016,7306.558456,Summer,7-Aug
1657,5158,NULL,8/8/2016,5674.201954,Summer,8-Aug
1658,5158,NULL,8/9/2016,4874.171211,Summer,9-Aug
1659,5158,NULL,8/10/2016,6647.954069,Summer,10-Aug
1660,5158,NULL,8/11/2016,6341.089201,Summer,11-Aug
1661,5159,f,6/10/2016,2230.674432,Spring,10-Jun
1662,5159,f,6/11/2016,7175.582694,Spring,11-Jun
1663,5159,f,6/12/2016,9743.153216,Spring,12-Jun
1664,5159,f,6/13/2016,11676.51811,Spring,13-Jun
1665,5159,f,6/14/2016,8247.709437,Spring,14-Jun
1666,5159,f,6/15/2016,840.8928069,Spring,15-Jun
